GEO,DGUID,Total - Shelter-cost-to-income ratio,30% to less than 50%,50% or more,affordability_30plus,affordability_50plus,ALT_GEO_CODE,GEO_NAME,TNR_SF,TNR_LF,"Population, 2021","Population percentage change, 2016 to 2021",Population density per square kilometre,Median age of the population,Average household size,      Median total income of one-person households in 2020 ($),  Renter,    'Not suitable' and 'major repairs needed',simplified_city_nm,market,municipality,starts_2020,starts_2021,Housing Target Status
South Glengarry,2021A00053501005,5180,430,230,12.7413127413127,4.44015444015444,3501005,"South Glengarry, Township (TP)",1.3,1.7,13330,1.4,22,50.4,2.4,42400,12,0,south glengarry,,,0,0,
Akwesasne (Part) 59,2021A00053501007,,,,,,,,,,,,,,,,,,akwesasne part 59,,,0,0,
South Stormont,2021A00053501011,5310,390,180,10.7344632768362,3.38983050847458,3501011,"South Stormont, Township (TP)",1.1,1.9,13570,3.5,30.3,48,2.5,44800,12,0.3,south stormont,Cornwall CA,South Stormont TP,1,3,
Cornwall,2021A00053501012,21380,3365,1335,21.9831618334892,6.24415341440599,3501012,"Cornwall, City (CY)",1.7,2.5,47845,2.7,777.9,46.4,2.2,31800,46.4,0.5,cornwall,Cornwall CA,Cornwall CY,2,51,
South Dundas,2021A00053501020,4505,445,185,13.984461709212,4.10654827968923,3501020,"South Dundas, Municipality (MU)",1.4,2.1,11044,1.8,21.2,50.8,2.4,36800,19.1,0.3,south dundas,,,0,0,
North Dundas,2021A00053501030,4305,380,175,12.8919860627178,4.0650406504065,3501030,"North Dundas, Township (TP)",1.4,1.5,11304,0.2,22.5,44.8,2.5,45200,18.4,0.3,north dundas,,,0,0,
North Stormont,2021A00053501042,2695,260,85,12.8014842300557,3.15398886827458,3501042,"North Stormont, Township (TP)",0.9,1.7,7400,7.7,14.4,39.6,2.6,42400,16.7,0,north stormont,,,0,0,
North Glengarry,2021A00053501050,4215,480,205,16.2514827995255,4.86358244365362,3501050,"North Glengarry, Township (TP)",1.5,2.2,10144,0.3,15.8,51.6,2.2,33200,21.9,0.2,north glengarry,,,0,0,
East Hawkesbury,2021A00053502001,1360,155,80,17.2794117647059,5.88235294117647,3502001,"East Hawkesbury, Township (TP)",1.1,2.2,3418,3.7,14.5,50.8,2.4,34800,13.7,0,east hawkesbury,,,0,0,
Hawkesbury,2021A00053502008,5080,790,310,21.6535433070866,6.10236220472441,3502008,"Hawkesbury, Town (T)",2.4,4.1,10194,-0.7,1009.7,54.8,1.9,30200,48.5,0.3,hawkesbury,,,0,0,
Champlain,2021A00053502010,3685,340,130,12.7544097693351,3.52781546811398,3502010,"Champlain, Township (TP)",1.8,2.8,8665,-0.5,41.9,52.4,2.3,38400,20.7,0.3,champlain,,,0,0,
Alfred and Plantagenet,2021A00053502023,3970,480,195,17.0025188916877,4.91183879093199,3502023,"Alfred and Plantagenet, Township (TP)",2.1,3.2,9949,2.8,25.4,46.4,2.4,39200,22.7,0.5,alfred and plantagenet,,,0,0,
The Nation,2021A00053502025,4895,465,180,13.1767109295199,3.67722165474974,3502025,"The Nation / La Nation, Municipality (M)",1,1.4,13350,4.2,20.3,40.8,2.6,47600,17.6,0.5,the nation,,,0,0,
Clarence-Rockland,2021A00053502036,10030,1025,380,14.0079760717846,3.78863409770688,3502036,"Clarence-Rockland, City (C)",1.2,1.7,26505,8.1,89.1,43.2,2.6,49600,18.3,0.3,clarence rockland,,,0,0,
Casselman,2021A00053502044,1575,190,60,15.8730158730159,3.80952380952381,3502044,"Casselman, Village (VL)",1.1,2.7,3960,11.6,772.2,43.6,2.4,48800,27.2,0,casselman,,,0,0,
Russell,2021A00053502048,7155,605,240,11.8099231306778,3.35429769392034,3502048,"Russell, Township (TP)",1.1,1.3,19598,18.6,98.6,39.6,2.7,56800,16.1,0.1,russell,Ottawa-Gatineau CMA (Ontario Part),Russell TP,4,15,
Ottawa,2021A00053506008,406610,51780,29800,20.0634514645483,7.32889009124222,3506008,"Ottawa, City (CV)",2.4,3.1,1017449,8.9,364.9,40,2.5,55600,36.1,0.4,ottawa,Ottawa-Gatineau CMA (Ontario Part),Ottawa CV,353,412,On track
Edwardsburgh/Cardinal,2021A00053507004,3090,305,100,13.1067961165049,3.23624595469256,3507004,"Edwardsburgh/Cardinal, Township (TP)",1.4,2.4,7505,6.1,24.2,48.4,2.4,38000,19.3,0,edwardsburgh cardinal,,,0,0,
Augusta,2021A00053507006,2895,210,90,10.3626943005181,3.10880829015544,3507006,"Augusta, Township (TP)",0.9,2.1,7386,0.4,23.5,49.2,2.5,48000,8.1,0.3,augusta,,,0,0,
Prescott,2021A00053507008,1890,295,120,21.957671957672,6.34920634920635,3507008,"Prescott, Town (T)",2.1,7,4078,-3.4,826,49.6,2.1,36800,42.1,0,prescott,,,0,0,
Elizabethtown-Kitley,2021A00053507014,3660,275,145,11.4754098360656,3.96174863387978,3507014,"Elizabethtown-Kitley, Township (TP)",1.5,1.8,9545,-0.9,17.2,51.2,2.5,44800,9.5,0,elizabethtown kitley,,,0,0,
Brockville,2021A00053507015,10650,1645,710,22.112676056338,6.66666666666667,3507015,"Brockville, City (CY)",1.4,1.7,22116,2.5,1057.8,51.6,2,36400,42.9,0.8,brockville,,,0,0,
Front of Yonge,2021A00053507017,1030,90,65,15.0485436893204,6.31067961165049,3507017,"Front of Yonge, Township (TP)",1.9,4.3,2595,-0.3,20.7,51.6,2.4,36800,8.4,0,front of yonge,,,0,0,
Leeds and the Thousand Islands,2021A00053507021,3890,335,180,13.2390745501285,4.62724935732648,3507021,"Leeds and the Thousand Islands, Township (TP)",3.3,4.9,9804,3.6,16.1,52,2.4,42800,8.5,0.3,leeds and the thousand islands,,,0,0,
Gananoque,2021A00053507024,2565,400,175,22.4171539961014,6.82261208576998,3507024,"Gananoque, Town (T)",1.4,1.6,5383,4.3,768.4,53.2,2,37600,36.1,0.6,gananoque,,,0,0,
Westport,2021A00053507033,335,65,15,23.8805970149254,4.47761194029851,3507033,"Westport, Village (VL)",0.9,3.5,634,7.5,289,59.6,1.9,36800,31.3,0,westport,,,0,0,
Rideau Lakes,2021A00053507040,4590,355,225,12.6361655773421,4.90196078431373,3507040,"Rideau Lakes, Township (TP)",5.4,6.9,10883,5.4,15.3,55.6,2.3,40400,12.1,0.5,rideau lakes,,,0,0,
Athens,2021A00053507042,1195,75,35,9.20502092050209,2.92887029288703,3507042,"Athens, Township (TP)",1.5,2.7,3042,0.8,23.5,50.8,2.5,39600,9.5,0,athens,,,0,0,
Merrickville-Wolford,2021A00053507052,1230,135,75,17.0731707317073,6.09756097560976,3507052,"Merrickville-Wolford, Village (VL)",1.7,2.5,3135,2.2,14.6,54.4,2.3,40800,14.3,0,merrickville wolford,,,0,0,
North Grenville,2021A00053507065,6965,640,300,13.4960516870065,4.30725053840632,3507065,"North Grenville, Municipality (MU)",1.7,2.2,17964,9.2,51,46.4,2.5,52400,12.3,0,north grenville,Ottawa-Gatineau CMA (Ontario Part),North Grenville MU,3,16,
Montague,2021A00053509001,1470,115,60,11.9047619047619,4.08163265306122,3509001,"Montague, Township (TP)",0.8,0.5,3914,4.1,14.1,44.4,2.6,47200,6.7,0.7,montague,,,0,0,
Smiths Falls,2021A00053509004,4310,720,380,25.5220417633411,8.81670533642691,3509004,"Smiths Falls, Town (T)",1.7,2.2,9254,5.4,958.1,47.2,2.1,36000,45.4,0.7,smiths falls,,,0,0,
Drummond/North Elmsley,2021A00053509010,3180,250,110,11.3207547169811,3.45911949685535,3509010,"Drummond/North Elmsley, Township (TP)",2.3,2.7,8183,5.3,22.4,50.8,2.5,50800,6.7,0,drummond north elmsley,,,0,0,
Tay Valley,2021A00053509015,2325,210,90,12.9032258064516,3.87096774193548,3509015,"Tay Valley, Township (TP)",6.3,8.9,5925,4.6,11.2,57.2,2.3,46800,7.4,0,tay valley,,,0,0,
Perth,2021A00053509021,3275,490,260,22.9007633587786,7.93893129770992,3509021,"Perth, Town (T)",1.6,2.5,6469,9.1,529.8,58.4,1.9,39200,44.3,0.5,perth,,,0,0,
Beckwith,2021A00053509024,3320,270,110,11.4457831325301,3.31325301204819,3509024,"Beckwith, Township (TP)",2.1,1.8,9021,18,37.7,44.4,2.7,54000,3.7,0.3,beckwith,,,0,0,
Carleton Place,2021A00053509028,5210,805,320,21.5930902111324,6.14203454894434,3509028,"Carleton Place, Town (T)",1.7,2.3,12517,17.6,1259.4,41.6,2.4,46800,29.9,0.2,carleton place,,,0,0,
Mississippi Mills,2021A00053509030,5890,600,235,14.1765704584041,3.98981324278438,3509030,"Mississippi Mills, Town (T)",1.5,3.5,14740,12,28.8,50,2.4,48000,16.8,0,mississippi mills,,,0,0,
Lanark Highlands,2021A00053509039,2430,265,105,15.2263374485597,4.32098765432099,3509039,"Lanark Highlands, Township (TP)",4.8,7.3,5737,7.5,5.6,52,2.3,38000,11.4,0,lanark highlands,,,0,0,
Frontenac Islands,2021A00053510005,875,60,45,12,5.14285714285714,3510005,"Frontenac Islands, Township (TP)",10.5,12.4,1930,9.7,10.9,59.6,2.1,49200,7.2,0,frontenac islands,Kingston CMA,Frontenac Islands TP,0,0,
Kingston,2021A00053510010,57740,9100,5280,24.9047454104607,9.14444059577416,3510010,"Kingston, City (CY)",3.7,5.2,132485,7,293.4,41.2,2.2,42000,44.2,0.3,kingston,Kingston CMA,Kingston CY,13,106,Exceeded
South Frontenac,2021A00053510020,7775,595,295,11.4469453376206,3.79421221864952,3510020,"South Frontenac, Township (TP)",7.3,8.8,20188,8.3,21.3,48.8,2.5,48800,7.4,0.5,south frontenac,Kingston CMA,South Frontenac TP,0,0,
Central Frontenac,2021A00053510035,2140,210,110,14.9532710280374,5.14018691588785,3510035,"Central Frontenac, Township (TP)",11.5,13.2,4892,11.9,4.9,55.6,2.2,34000,12.6,0.9,central frontenac,,,0,0,
North Frontenac,2021A00053510045,1130,90,40,11.5044247787611,3.53982300884956,3510045,"North Frontenac, Township (TP)",16.4,17.4,2285,20.1,2,61.6,2,36000,5.3,0,north frontenac,,,0,0,
Loyalist,2021A00053511005,6775,770,340,16.3837638376384,5.01845018450185,3511005,"Loyalist, Township (TP)",1.8,2.9,17943,5.7,52.4,45.2,2.5,49600,16.9,0.5,loyalist,Kingston CMA,Loyalist TP,0,7,
Greater Napanee,2021A00053511015,6755,830,480,19.3930421909697,7.10584752035529,3511015,"Greater Napanee, Town (T)",1.7,2.7,16879,6.2,36.5,50.4,2.3,35200,28.1,0.4,greater napanee,,,0,0,
Stone Mills,2021A00053511030,2920,200,115,10.7876712328767,3.93835616438356,3511030,"Stone Mills, Township (TP)",2.3,3.3,7826,1.6,11.3,46.8,2.5,42400,7.5,0.3,stone mills,,,0,0,
Addington Highlands,2021A00053511035,1110,115,90,18.4684684684685,8.10810810810811,3511035,"Addington Highlands, Township (TP)",11.1,15.1,2534,9.3,2,55.6,2.2,27600,20.5,0,addington highlands,,,0,0,
Tyendinaga,2021A00053512001,1550,110,55,10.6451612903226,3.54838709677419,3512001,"Tyendinaga, Township (TP)",1.5,1,4538,7.4,14.5,42.4,2.8,41600,7.6,0.6,tyendinaga,Belleville CMA,Tyendinaga TP,0,0,
Deseronto,2021A00053512002,720,100,40,19.4444444444444,5.55555555555556,3512002,"Deseronto, Town (T)",5.1,6.6,1747,-1.5,693.5,44,2.4,31200,29.9,0,deseronto,,,0,0,
Tyendinaga Mohawk Territory,2021A00053512004,0,0,0,,,,,,,,,,,,,,,tyendinaga mohawk territory,,,0,0,
Belleville,2021A00053512005,23480,3630,1600,22.2742759795571,6.81431005110733,3512005,"Belleville, City (CY)",2.7,4.6,55071,8.6,222.8,45.2,2.3,38000,37.5,0.4,belleville,Belleville CMA,Belleville CY,130,7,Exceeded
Quinte West,2021A00053512015,18930,2030,795,14.9234020073957,4.19968304278922,3512015,"Quinte West, City (CY)",2.6,3.5,46560,6.8,94,45.6,2.4,41600,25.4,0.5,quinte west,Belleville CMA,Quinte West CY,14,13,
Stirling-Rawdon,2021A00053512020,1875,210,85,15.7333333333333,4.53333333333333,3512020,"Stirling-Rawdon, Township (TP)",2.5,4.2,5015,2.7,17.8,46.4,2.5,37600,17.7,0.5,stirling rawdon,Belleville CMA,Stirling-Rawdon TP,0,1,
Centre Hastings,2021A00053512026,1880,255,100,18.8829787234043,5.31914893617021,3512026,"Centre Hastings, Municipality (MU)",2.9,5.1,4801,0.6,21.5,49.2,2.4,34400,15.2,0,centre hastings,,,0,0,
Tweed,2021A00053512030,2510,305,110,16.5338645418327,4.38247011952191,3512030,"Tweed, Municipality (MU)",3.4,5.4,6067,0.4,6.6,53.6,2.3,35600,17.2,0,tweed,,,0,0,
Madoc,2021A00053512036,815,90,40,15.9509202453988,4.9079754601227,3512036,"Madoc, Township (TP)",1.6,3.4,2233,7.5,8.1,49.6,2.6,38800,12.1,0,madoc,,,0,0,
Marmora and Lake,2021A00053512046,1865,220,145,19.5710455764075,7.77479892761394,3512046,"Marmora and Lake, Municipality (MU)",4.8,8.6,4267,7.9,7.9,56,2.2,30600,18.3,1.1,marmora and lake,,,0,0,
Tudor and Cashel,2021A00053512048,355,50,20,19.7183098591549,5.63380281690141,3512048,"Tudor and Cashel, Township (TP)",9.6,12.9,740,26.3,1.7,57.2,2.1,33200,10,0,tudor and cashel,,,0,0,
Limerick,2021A00053512051,200,20,0,10,0,3512051,"Limerick, Township (TP)",16.8,18,436,26,2.2,60,2.1,32400,7.7,0,limerick,,,0,0,
Wollaston,2021A00053512054,365,35,40,20.5479452054795,10.958904109589,3512054,"Wollaston, Township (TP)",16.7,20.4,721,7.6,3.3,58,2,33600,9.7,0,wollaston,,,0,0,
Faraday,2021A00053512058,750,70,50,16,6.66666666666667,3512058,"Faraday, Township (TP)",8.1,8.4,1612,15.1,7.4,57.2,2.1,36400,9.9,0,faraday,,,0,0,
Bancroft,2021A00053512061,1805,255,130,21.3296398891967,7.20221606648199,3512061,"Bancroft, Town (T)",2.5,4.9,4065,4.7,17.9,56,2.1,28000,34.4,0.6,bancroft,,,0,0,
Carlow/Mayo,2021A00053512065,405,20,30,12.3456790123457,7.40740740740741,3512065,"Carlow/Mayo, Township (TP)",5.7,4.9,953,10.3,2.5,55.2,2.3,32800,12,0,carlow mayo,,,0,0,
Hastings Highlands,2021A00053512076,1980,195,95,14.6464646464646,4.7979797979798,3512076,"Hastings Highlands, Municipality (MU)",9.1,11.6,4385,7.5,4.5,57.6,2.2,36800,8.5,0.5,hastings highlands,,,0,0,
Prince Edward County,2021A00053513020,11040,1200,650,16.7572463768116,5.88768115942029,3513020,"Prince Edward County, City (CY)",3.1,5,25704,3.9,24.4,56.8,2.2,40800,18.4,0.3,prince edward county,,,0,0,
Brighton,2021A00053514004,4950,485,250,14.8484848484848,5.05050505050505,3514004,"Brighton, Municipality (MU)",1.5,3.1,12108,2.2,54.2,56,2.3,41200,14.3,0.3,brighton,,,0,0,
Cramahe,2021A00053514014,2560,295,125,16.40625,4.8828125,3514014,"Cramahe, Township (TP)",1.3,1.9,6509,2.4,32.2,49.2,2.5,39600,14.6,0.6,cramahe,,,0,0,
Hamilton,2021A00053514019,4200,365,145,12.1428571428571,3.45238095238095,3514019,"Hamilton, Township (TP)",1.9,3.3,11059,1.1,43.2,49.6,2.6,48400,6.2,0.5,hamilton,,,0,0,Exceeded
Port Hope,2021A00053514020,7230,960,545,20.8160442600277,7.53803596127248,3514020,"Port Hope, Municipality (MU)",1.1,1.6,17294,3.2,62,50.8,2.3,44000,21.7,0.8,port hope,,,0,0,
Cobourg,2021A00053514021,9130,1330,745,22.7272727272727,8.15991237677985,3514021,"Cobourg, Town (T)",1.2,1.9,20519,5.6,915.7,54.8,2.2,42000,31.3,0.5,cobourg,,,0,0,
Alnwick/Haldimand,2021A00053514024,2745,290,120,14.936247723133,4.37158469945355,3514024,"Alnwick/Haldimand, Township (TP)",2.3,3.1,7473,8.8,18.8,49.6,2.6,47200,8,0,alnwick haldimand,,,0,0,
Alderville First Nation,2021A00053514027,0,0,0,,,,,,,,,,,,,,,alderville first nation,,,0,0,
Trent Hills,2021A00053514045,5670,715,345,18.694885361552,6.08465608465609,3514045,"Trent Hills, Municipality (MU)",2.4,3.7,13861,7.4,27,55.2,2.3,34400,17.3,0.3,trent hills,,,0,0,
Asphodel-Norwood,2021A00053515003,1795,185,70,14.2061281337047,3.89972144846797,3515003,"Asphodel-Norwood, Township (TP)",1.8,4.5,4658,13.4,28.8,46,2.5,42000,12.9,0.5,asphodel norwood,,,0,0,
Otonabee-South Monaghan,2021A00053515005,2565,275,105,14.8148148148148,4.09356725146199,3515005,"Otonabee-South Monaghan, Township (TP)",4,5.3,7087,6.3,20.5,49.2,2.6,43200,10.2,0,otonabee south monaghan,Peterborough CMA,Otonabee-South Monaghan TP,0,0,
Hiawatha First Nation,2021A00053515008,0,0,0,,,,,,,,,,,,,,,hiawatha first nation,,,0,0,
Cavan Monaghan,2021A00053515013,3405,310,160,13.8032305433187,4.69897209985316,3515013,"Cavan Monaghan, Township (TP)",2.1,3.3,10016,13.4,32.7,44.8,2.8,48400,8.7,0,cavan monaghan,Peterborough CMA,Cavan Monaghan TP,1,5,
Peterborough,2021A00053515014,35975,6160,3070,25.6567060458652,8.53370396108409,3515014,"Peterborough, City (CY)",2.9,4.5,83651,3.2,1291.8,43.2,2.3,36800,40.6,0.3,peterborough,Peterborough CMA,Peterborough CY,2,9,
Selwyn,2021A00053515015,7350,705,355,14.421768707483,4.82993197278912,3515015,"Selwyn, Township (TP)",5.3,5.8,18653,9.3,59,52,2.5,45200,10.4,0,selwyn,Peterborough CMA,Selwyn TP,1,4,
Curve Lake First Nation 35,2021A00053515019,0,0,0,,,,,,,,,,,,,,,curve lake first nation 35,,,0,0,
Douro-Dummer,2021A00053515023,2795,220,125,12.3434704830054,4.47227191413238,3515023,"Douro-Dummer, Township (TP)",8.1,8.4,7632,13.8,16.6,48.4,2.6,45600,4.8,0.5,douro dummer,Peterborough CMA,Douro-Dummer TP,0,1,
Havelock-Belmont-Methuen,2021A00053515030,2205,230,125,16.0997732426304,5.66893424036281,3515030,"Havelock-Belmont-Methuen, Township (TP)",9.2,12.9,5083,12.2,9.6,54.4,2.3,38400,11.2,0.7,havelock belmont methuen,,,0,0,
North Kawartha,2021A00053515037,1335,150,45,14.6067415730337,3.37078651685393,3515037,"North Kawartha, Township (TP)",19.3,22.9,2877,16.1,3.9,59.2,2.1,36800,7.5,0,north kawartha,,,0,0,
Trent Lakes,2021A00053515044,2930,240,185,14.5051194539249,6.31399317406143,3515044,"Trent Lakes, Municipality (MU)",9.3,11.7,6439,19.3,7.7,58,2.2,42400,6.1,0.3,trent lakes,,,0,0,
Kawartha Lakes,2021A00053516010,31890,3985,2095,19.0655377861399,6.56945751019128,3516010,"Kawartha Lakes, City (CY)",2.9,4.7,79247,5.1,26.1,51.6,2.4,38800,17.2,0.2,kawartha lakes,Kawartha Lakes CA,Kawartha Lakes CY,12,44,On track
Pickering,2021A00053518001,33380,5350,2680,24.0563211503895,8.02875973636908,3518001,"Pickering, City (CY)",1.2,2.2,99186,8.1,429.2,40.8,3,54000,14.8,0.2,pickering,Toronto Other,Pickering CY,21,326,Exceeded
Ajax,2021A00053518005,39480,6555,3175,24.645390070922,8.04204660587639,3518005,"Ajax, Town (T)",1.1,1.9,126666,5.8,1900.6,38.4,3.2,51200,16.5,0.4,ajax,Toronto Other,Ajax T,8,36,On track
Whitby,2021A00053518009,46435,6785,3105,21.2985894260795,6.68676644772262,3518009,"Whitby, Town (T)",1.5,3.4,138501,7.9,944.1,40,2.9,50400,17.9,0.2,whitby,Oshawa CMA,Whitby T,29,33,On track
Oshawa,2021A00053518013,66590,12065,6265,27.5266556540021,9.40831956750263,3518013,"Oshawa, City (CY)",2.3,3.7,175383,10,1203.6,39.2,2.6,42000,35.8,0.5,oshawa,Oshawa CMA,Oshawa CY,9,36,Not met
Clarington,2021A00053518017,35745,4550,2100,18.6040005595188,5.87494754511121,3518017,"Clarington, Municipality (MU)",1.7,2.5,101427,10.2,166,39.2,2.8,52800,14.3,0.2,clarington,Oshawa CMA,Clarington MU,7,29,Not met
Scugog,2021A00053518020,8010,860,470,16.6042446941323,5.86766541822722,3518020,"Scugog, Township (TP)",1.2,1.8,21581,-0.2,45.5,49.2,2.6,46800,13,0.2,scugog,,,0,0,
Mississaugas of Scugog Island,2021A00053518022,,,,,,,,,,,,,,,,,,mississaugas of scugog island,,,0,0,
Uxbridge,2021A00053518029,7805,975,595,20.1153106982703,7.62331838565022,3518029,"Uxbridge, Township (TP)",1.9,3.2,21556,1.8,51.3,47.2,2.7,44400,15.9,0.2,uxbridge,Toronto Other,Uxbridge TP,1,0,
Brock,2021A00053518039,4660,670,275,20.2789699570815,5.90128755364807,3518039,"Brock, Township (TP)",3.6,7.4,12567,7.9,29.7,44.4,2.6,38800,18.4,0.2,brock,,,0,0,
Vaughan,2021A00053519028,103890,16630,12255,27.8034459524497,11.7961305226682,3519028,"Vaughan, City (CY)",1.5,2.3,323103,5.5,1185.9,41.6,3.1,47200,14.1,0.1,vaughan,Toronto York,Vaughan CY,15,20,Not met
Markham,2021A00053519036,110845,18735,17385,32.5860435743606,15.6840633316794,3519036,"Markham, City (CY)",1.6,2,338503,2.9,1604.8,42.4,3,45600,18.3,0.2,markham,Toronto York,Markham CY,6,35,Not met
Richmond Hill,2021A00053519038,69315,12545,13025,36.8895621438361,18.7910264733463,3519038,"Richmond Hill, Town (T)",1.7,2.1,202022,3.6,2004.4,43.6,2.9,42400,21.8,0.2,richmond hill,Toronto York,Richmond Hill T,3,6,Not met
Whitchurch-Stouffville,2021A00053519044,16670,2555,1730,25.7048590281944,10.377924415117,3519044,"Whitchurch-Stouffville, Town (T)",1.4,1.6,49864,8.8,241.6,41.6,3,53200,12,0.1,whitchurch stouffville,Toronto York,Whitchurch-Stouffville T,0,29,Exceeded
Aurora,2021A00053519046,21505,3550,2745,29.2722622645896,12.7644733782841,3519046,"Aurora, Town (T)",1.5,1.8,62057,11.9,1241.1,42,2.9,51600,18.8,0.1,aurora,Toronto York,Aurora T,2,15,Not met
Newmarket,2021A00053519048,30300,4850,3155,26.4191419141914,10.4125412541254,3519048,"Newmarket, Town (T)",1.4,2.1,87942,4.4,2284.1,41.6,2.9,45200,24.2,0.2,newmarket,Toronto York,Newmarket T,1,22,Not met
King,2021A00053519049,8825,1310,1030,26.5155807365439,11.671388101983,3519049,"King, Township (TP)",2,3,27333,11.5,82.3,43.2,3,51600,11.8,0.1,king,Toronto York,King TP,7,0,
East Gwillimbury,2021A00053519054,11400,1875,1185,26.8421052631579,10.3947368421053,3519054,"East Gwillimbury, Town (T)",1.6,2.9,34637,44.4,141.4,39.6,3,52400,15.8,0.2,east gwillimbury,Toronto York,East Gwillimbury T,3,23,Not met
Georgina,2021A00053519070,17815,2725,1460,23.4914397979231,8.19534100477126,3519070,"Georgina, Town (T)",3.4,4.6,47642,4.9,165.6,42.8,2.6,42400,18.6,0.3,georgina,Toronto York,Georgina T,69,0,On track
Chippewas of Georgina Island First Nation,2021A00053519076,,,,,,,,,,,,,,,,,,chippewas of georgina island first nation,,,0,0,
Toronto,2021A00053520005,1160885,213815,160150,32.2137851725192,13.7955094604547,3520005,"Toronto, City (C)",3.7,4.7,2794356,2.3,4427.8,39.6,2.4,45200,48.1,0.9,toronto,,,0,0,Exceeded
Mississauga,2021A00053521005,244575,41330,26825,27.8667075539201,10.9680057242155,3521005,"Mississauga, City (CY)",1.8,2.3,717961,-0.5,2452.5,40.8,2.9,46800,29.6,0.6,mississauga,Toronto Peel,Mississauga CY,22,16,Not met
Brampton,2021A00053521010,182460,36900,19455,30.8862216376192,10.6626109832292,3521010,"Brampton, City (CY)",2,3.3,656480,10.6,2469,36,3.6,45200,21.9,0.4,brampton,Toronto Peel,Brampton CY,468,217,On track
Caledon,2021A00053521024,23520,3295,1860,21.9175170068027,7.90816326530612,3521024,"Caledon, Town (T)",2.3,3.8,76581,15.2,111.2,40.8,3.2,50400,10.7,0.2,caledon,Toronto Peel,Caledon T,22,19,On track
East Garafraxa,2021A00053522001,830,70,60,15.6626506024096,7.2289156626506,3522001,"East Garafraxa, Township (TP)",1.8,3.4,2794,8.3,16.8,44,3.1,49600,8.3,0,east garafraxa,,,0,0,
Amaranth,2021A00053522008,1290,130,150,21.7054263565891,11.6279069767442,3522008,"Amaranth, Township (TP)",1.3,2.6,4327,6.1,16.3,42.4,3.2,50400,11.3,0,amaranth,,,0,0,
Grand Valley,2021A00053522010,1330,210,100,23.3082706766917,7.5187969924812,3522010,"Grand Valley, Town (T)",1.8,2.9,3851,30.3,24.3,36.8,2.8,44400,14.3,0,grand valley,,,0,0,
Mono,2021A00053522012,3075,325,210,17.3983739837398,6.82926829268293,3522012,"Mono, Town (T)",2.3,3,9421,9.4,33.8,47.2,3,56000,4.6,0,mono,Toronto Other,Mono T,0,0,
Orangeville,2021A00053522014,11055,1895,780,24.1971958389869,7.05563093622795,3522014,"Orangeville, Town (T)",1.3,2,30167,4.4,1989.5,38.8,2.7,44800,24.3,0.4,orangeville,Toronto Other,Orangeville T,0,1,
Mulmur,2021A00053522016,1320,195,100,22.3484848484848,7.57575757575758,3522016,"Mulmur, Township (TP)",3.8,5.1,3571,2.7,12.5,50,2.6,52000,5.4,0.7,mulmur,,,0,0,
Melancthon,2021A00053522019,940,125,95,23.4042553191489,10.1063829787234,3522019,"Melancthon, Township (TP)",1.1,5.4,3132,4.1,10.1,39.2,3,45200,15,0,melancthon,,,0,0,
Shelburne,2021A00053522021,3025,480,240,23.801652892562,7.93388429752066,3522021,"Shelburne, Town (T)",2,2.3,8994,10.7,1370.8,36.8,2.9,36800,19.8,0,shelburne,,,0,0,
Puslinch,2021A00053523001,2785,260,180,15.7989228007181,6.46319569120287,3523001,"Puslinch, Township (TP)",1.6,2.4,7944,8.3,37,49.2,2.8,52000,5.3,0,puslinch,Guelph CMA,Puslinch TP,0,1,
Guelph,2021A00053523008,56475,8415,4495,22.8596724214254,7.95927401505091,3523008,"Guelph, City (CY)",2.5,3.3,143740,9.1,1644.1,38.4,2.5,46000,34.3,0.3,guelph,Guelph CMA,Guelph CY,51,11,On track
Guelph/Eramosa,2021A00053523009,4705,485,225,15.0903294367694,4.78214665249734,3523009,"Guelph/Eramosa, Township (TP)",1.7,2.8,13904,8.2,47.5,45.2,2.8,51600,10.6,0.2,guelph eramosa,Guelph CMA,Guelph/Eramosa TP,0,5,
Erin,2021A00053523017,4070,430,285,17.5675675675676,7.002457002457,3523017,"Erin, Town (T)",1.4,2.5,11981,4.7,40.1,46.8,2.8,50000,10,0.2,erin,,,0,0,
Centre Wellington,2021A00053523025,11705,1410,570,16.9158479282358,4.86971379752243,3523025,"Centre Wellington, Township (TP)",1.5,1.7,31093,10.3,75.9,44.4,2.6,46000,19.4,0.1,centre wellington,,,0,0,
Mapleton,2021A00053523033,2715,240,115,13.0755064456722,4.23572744014733,3523033,"Mapleton, Township (TP)",1.4,3,10839,3,20.2,32,3.3,44800,13.6,0,mapleton,,,0,0,
Minto,2021A00053523043,3265,330,140,14.3950995405819,4.28790199081164,3523043,"Minto, Town (T)",2.5,3.4,9094,4.9,30.3,40.8,2.6,37600,23.9,0,minto,,,0,0,
Wellington North,2021A00053523050,4475,635,220,19.1061452513967,4.91620111731844,3523050,"Wellington North, Township (TP)",1.4,2.1,12431,4.3,23.6,42,2.5,36000,26.2,0.4,wellington north,,,0,0,
Oakville,2021A00053524001,73555,10155,9145,26.238868873632,12.4328733600707,3524001,"Oakville, Town (T)",1.6,1.8,213759,10.3,1538.5,41.6,2.9,55200,22.5,0.2,oakville,Toronto Other,Oakville T,307,88,On track
Burlington,2021A00053524002,73155,10675,6200,23.0674595037933,8.47515549176406,3524002,"Burlington, City (CY)",1.4,1.8,186948,2,1004.4,44.4,2.5,54000,24.9,0.2,burlington,Hamilton CMA,Burlington CY,29,3,Not met
Milton,2021A00053524009,39950,6720,3360,25.2315394242804,8.41051314142678,3524009,"Milton, Town (T)",1.4,2.6,132979,20.7,365.5,36,3.3,59200,17.4,0.2,milton,Toronto Other,Milton T,156,65,Exceeded
Halton Hills,2021A00053524015,21770,2575,1455,18.5117133670188,6.68350941662839,3524015,"Halton Hills, Town (T)",0.9,2.2,62951,2.9,227.4,42,2.9,48800,14.8,0.3,halton hills,Toronto Other,Halton Hills T,0,23,Not met
Hamilton,2021A00053525005,222305,33640,17665,23.0786532016824,7.9462900069724,3525005,"Hamilton, City (C)",2.5,3.5,569353,6,509.1,40.8,2.5,40400,34.3,0.5,hamilton,,,0,0,Exceeded
Fort Erie,2021A00053526003,14045,1795,900,19.188323246707,6.40797436810253,3526003,"Fort Erie, Town (T)",4.9,5.9,32901,7.1,197.9,51.6,2.3,39600,20.2,0.4,fort erie,St. Catharines-Niagara CMA,Fort Erie T,12,16,
Port Colborne,2021A00053526011,8665,1115,645,20.3115983843047,7.44373918061166,3526011,"Port Colborne, City (CY)",6.6,7.9,20033,9.4,164.2,50.4,2.2,37600,27.3,0.5,port colborne,St. Catharines-Niagara CMA,Port Colborne CY,0,0,
Wainfleet,2021A00053526014,2490,180,140,12.85140562249,5.62248995983936,3526014,"Wainfleet, Township (TP)",5.7,6.7,6887,8.1,31.7,47.2,2.6,42400,5.5,0,wainfleet,St. Catharines-Niagara CMA,Wainfleet TP,6,0,
West Lincoln,2021A00053526021,5040,485,240,14.3849206349206,4.76190476190476,3526021,"West Lincoln, Township (TP)",1,2.5,15454,6.6,39.9,40.8,2.9,46400,10.1,0.6,west lincoln,,,0,0,
Pelham,2021A00053526028,6860,735,290,14.9416909620991,4.22740524781341,3526028,"Pelham, Town (T)",1.2,1.4,18192,6.3,144,50.4,2.6,49200,12.4,0,pelham,St. Catharines-Niagara CMA,Pelham T,7,11,
Welland,2021A00053526032,23645,3535,1620,21.8016493973356,6.85134277860013,3526032,"Welland, City (CY)",2.1,3.6,55750,6.6,686.9,45.2,2.3,36800,31,0.3,welland,St. Catharines-Niagara CMA,Welland CY,10,120,Exceeded
Thorold,2021A00053526037,9070,1275,760,22.4366041896362,8.37927232635061,3526037,"Thorold, City (CY)",4.2,5.6,23816,26.7,285.9,37.2,2.6,38400,30.7,0.2,thorold,St. Catharines-Niagara CMA,Thorold CY,14,4,
Niagara Falls,2021A00053526043,37755,5835,2905,23.1492517547345,7.69434511985168,3526043,"Niagara Falls, City (CY)",2.7,3.4,94415,7.2,449.1,44.8,2.5,36400,29.6,0.3,niagara falls,St. Catharines-Niagara CMA,Niagara Falls CY,25,5,On track
Niagara-on-the-Lake,2021A00053526047,7690,905,595,19.5058517555267,7.73732119635891,3526047,"Niagara-on-the-Lake, Town (T)",3.5,6.2,19088,9,145.3,57.2,2.4,47600,15.3,0.1,niagara on the lake,St. Catharines-Niagara CMA,Niagara-on-the-Lake T,5,6,
St. Catharines,2021A00053526053,58875,9195,4775,23.7282377919321,8.1104033970276,3526053,"St. Catharines, City (CY)",2.6,3.7,136803,2.8,1422.1,44.8,2.3,38400,35.6,0.3,st catharines,St. Catharines-Niagara CMA,St. Catharines CY,68,9,On track
Lincoln,2021A00053526057,9355,945,460,15.0187065740246,4.91715660074826,3526057,"Lincoln, Town (T)",1.5,2.2,25719,8.1,158,44.4,2.6,46400,15.7,0.3,lincoln,St. Catharines-Niagara CMA,Lincoln T,0,0,
Grimsby,2021A00053526065,11350,1425,760,19.2511013215859,6.69603524229075,3526065,"Grimsby, Town (T)",1.2,1.7,28883,5.7,420.4,45.2,2.5,50800,17.3,0.1,grimsby,Hamilton CMA,Grimsby T,0,0,
Haldimand County,2021A00053528018,18155,2085,970,16.8273202974387,5.34288074910493,3528018,"Haldimand County, City (CY)",2.5,3.7,49216,7.9,39.4,43.6,2.6,42400,15,0.3,haldimand county,,,0,0,Not met
New Credit (Part) 40A,2021A00053528035,,,,,,,,,,,,,,,,,,new credit part 40a,,,0,0,
Six Nations (Part) 40,2021A00053528037,,,,,,,,,,,,,,,,,,six nations part 40,,,0,0,
Norfolk County,2021A00053528052,26895,2730,1450,15.5419222903885,5.39133667968024,3528052,"Norfolk County, City (CY)",2,3.1,67490,5.4,42.2,48.8,2.4,40800,18.4,0.3,norfolk county,Norfolk CA,Norfolk County CY,11,27,Not met
Brant,2021A00053529005,13845,1285,740,14.626218851571,5.34488985193211,3529005,"Brant, City (CY)",1.8,2.8,39474,10.8,48.3,44,2.7,45200,12.3,0.3,brant,Brantford CMA,Brant CY,17,44,
Brantford,2021A00053529006,41670,6360,2955,22.354211663067,7.09143268538517,3529006,"Brantford, City (CY)",2.7,4,104688,6.2,1061.2,40.8,2.5,38800,34,0.4,brantford,Brantford CMA,Brantford CY,6,119,Exceeded
Six Nations (Part) 40,2021A00053529020,,,,,,,,,,,,,,,,,,six nations part 40,,,0,0,
New Credit (Part) 40A,2021A00053529021,0,0,0,,,,,,,,,,,,,,,new credit part 40a,,,0,0,
North Dumfries,2021A00053530004,3615,315,145,12.7247579529737,4.01106500691563,3530004,"North Dumfries, Township (TP)",1.2,1.5,10619,4,56.5,42.4,2.9,52800,11.7,0.3,north dumfries,Kitchener-Cambridge-Waterloo CMA,North Dumfries TP,31,3,
Cambridge,2021A00053530010,51265,7470,3375,21.1547839656686,6.58343899346533,3530010,"Cambridge, City (CY)",2,3.1,138479,6.6,1225.5,39.2,2.7,42800,31.1,0.3,cambridge,Kitchener-Cambridge-Waterloo CMA,Cambridge CY,38,45,On track
Kitchener,2021A00053530013,99815,15655,7530,23.2279717477333,7.5439563191905,3530013,"Kitchener, City (CY)",1.9,2.9,256885,10.1,1877.6,37.2,2.6,44800,40.3,0.5,kitchener,Kitchener-Cambridge-Waterloo CMA,Kitchener CY,86,753,Exceeded
Waterloo,2021A00053530016,47040,6340,4875,23.8414115646259,10.3635204081633,3530016,"Waterloo, City (CY)",4.1,5,121436,15.7,1895.8,36,2.5,46000,38.7,0.2,waterloo,Kitchener-Cambridge-Waterloo CMA,Waterloo CY,218,12,Not met
Wilmot,2021A00053530020,7715,585,315,11.6655865197667,4.08295528191834,3530020,"Wilmot, Township (TP)",1.1,1.6,21429,4.3,81.2,42.8,2.7,48000,14.6,0.1,wilmot,Kitchener-Cambridge-Waterloo CMA,Wilmot TP,2,0,
Wellesley,2021A00053530027,3005,230,105,11.1480865224626,3.49417637271215,3530027,"Wellesley, Township (TP)",1,1.7,11318,0.5,40.8,35.2,3.4,46400,13.1,0,wellesley,,,0,0,
Woolwich,2021A00053530035,9080,860,390,13.7665198237885,4.29515418502203,3530035,"Woolwich, Township (TP)",1.2,1.9,26999,8,82.7,39.6,2.8,47200,16.1,0.2,woolwich,Kitchener-Cambridge-Waterloo CMA,Woolwich TP,6,30,
Stratford,2021A00053531011,14735,2020,905,19.8506956226671,6.14183915846624,3531011,"Stratford, City (CY)",1.1,1.8,33232,5.6,1107,46,2.2,41600,34.2,0.3,stratford,,,0,0,
Perth South,2021A00053531013,1160,100,60,13.7931034482759,5.17241379310345,3531013,"Perth South, Township (TP)",0.8,1.5,3776,-0.8,9.6,44.8,2.7,48000,22.5,0,perth south,,,0,0,
St. Marys,2021A00053531016,3125,270,105,12,3.36,3531016,"St. Marys, Town (T)",0.9,1.9,7386,1.7,593.8,48.4,2.3,44000,19,0,st marys,,,0,0,
West Perth,2021A00053531025,3075,290,100,12.6829268292683,3.2520325203252,3531025,"West Perth, Municipality (MU)",1,3.5,9038,2,15.6,40,2.6,41600,21.3,0.3,west perth,,,0,0,
Perth East,2021A00053531030,3465,310,180,14.1414141414141,5.1948051948052,3531030,"Perth East, Township (TP)",1.2,3.7,12595,2.6,17.7,36.4,3,44000,18,0.2,perth east,,,0,0,
North Perth,2021A00053531040,5540,725,310,18.6823104693141,5.5956678700361,3531040,"North Perth, Municipality (MU)",1.2,1.7,15538,18.3,31.5,37.6,2.6,40800,28.7,0.2,north perth,,,0,0,
Norwich,2021A00053532002,3455,260,170,12.4457308248915,4.92040520984081,3532002,"Norwich, Township (TP)",1.5,2.9,11151,2.9,26.3,36,3,44400,15.5,0.4,norwich,,,0,0,
Tillsonburg,2021A00053532004,8210,940,510,17.6613885505481,6.21193666260658,3532004,"Tillsonburg, Town (T)",1.6,2.5,18615,17.3,838.6,49.2,2.2,37600,29.2,0.2,tillsonburg,,,0,0,
South-West Oxford,2021A00053532012,2375,220,85,12.8421052631579,3.57894736842105,3532012,"South-West Oxford, Township (TP)",1.5,2.7,7583,-0.7,20.5,39.6,2.9,46800,14.5,0.4,south west oxford,,,0,0,
Ingersoll,2021A00053532018,5470,640,245,16.1791590493601,4.47897623400366,3532018,"Ingersoll, Town (T)",1,1.2,13693,7.3,1075.3,40.8,2.5,43600,23.7,0,ingersoll,,,0,0,
Zorra,2021A00053532027,2720,195,90,10.4779411764706,3.30882352941176,3532027,"Zorra, Township (TP)",1.2,1.8,8628,6,16.3,40.8,2.7,51200,16.9,0,zorra,,,0,0,
East Zorra-Tavistock,2021A00053532038,2755,255,100,12.8856624319419,3.62976406533575,3532038,"East Zorra-Tavistock, Township (TP)",1.2,1.6,7841,10.2,32.4,42.4,2.6,40800,18.5,0.5,east zorra tavistock,,,0,0,
Woodstock,2021A00053532042,18875,2910,1155,21.5364238410596,6.11920529801325,3532042,"Woodstock, City (CY)",1.6,3,46705,13.6,827.2,40.8,2.4,42800,34.8,0.3,woodstock,,,0,0,Exceeded
Blandford-Blenheim,2021A00053532045,2580,210,90,11.6279069767442,3.48837209302326,3532045,"Blandford-Blenheim, Township (TP)",1.2,3.1,7565,2.2,19.8,42.8,2.7,45200,14.6,0.4,blandford blenheim,,,0,0,
Bayham,2021A00053534005,2130,270,115,18.075117370892,5.39906103286385,3534005,"Bayham, Municipality (MU)",2.8,3.6,7096,-4.1,29,34.4,3.1,33600,11.5,0.4,bayham,,,0,0,
Malahide,2021A00053534010,2775,290,75,13.1531531531532,2.7027027027027,3534010,"Malahide, Township (TP)",2.8,4.1,9308,0.2,23.6,37.2,3.1,42400,12.8,0,malahide,,,0,0,
Aylmer,2021A00053534011,3070,385,210,19.3811074918567,6.84039087947883,3534011,"Aylmer, Town (T)",2.5,3.9,7699,2.8,1208.6,39.2,2.5,34400,31.3,0,aylmer,,,0,0,
Central Elgin,2021A00053534020,5325,450,235,12.8638497652582,4.4131455399061,3534020,"Central Elgin, Municipality (MU)",3.7,6,13746,9,49.1,48.8,2.5,51600,10.3,0,central elgin,London CMA,Central Elgin MU,6,11,
St. Thomas,2021A00053534021,18060,2405,1035,19.0476190476191,5.73089700996678,3534021,"St. Thomas, City (CY)",2.6,3.8,42840,10.1,1203.2,43.6,2.3,38000,32.2,0.5,st thomas,London CMA,St. Thomas CY,19,16,
Southwold,2021A00053534024,1565,80,20,6.38977635782748,1.2779552715655,3534024,"Southwold, Township (TP)",2.7,4,4851,9.7,16.1,44,2.8,52800,8.5,0,southwold,London CMA,Southwold TP,4,10,
Dutton/Dunwich,2021A00053534030,1490,90,80,11.4093959731544,5.36912751677852,3534030,"Dutton/Dunwich, Municipality (MU)",1.1,0.9,4152,7.4,14.1,44,2.6,38000,16.6,0,dutton dunwich,,,0,0,
West Elgin,2021A00053534042,1935,200,55,13.1782945736434,2.84237726098191,3534042,"West Elgin, Municipality (MU)",1.4,2.1,5060,1.3,15.7,48.8,2.4,36400,15.7,0,west elgin,,,0,0,
Chatham-Kent,2021A00053536020,42860,4665,2050,15.6672888474102,4.78301446570229,3536020,"Chatham-Kent, Municipality (MU)",1.3,1.9,103988,2.3,42.4,46.4,2.3,36400,28,0.4,chatham kent,Chatham-Kent CA,Chatham-Kent MU,9,39,Exceeded
Moravian 47,2021A00053536029,0,0,0,,,,,,,,,,,,,,,moravian 47,,,0,0,
Pelee,2021A00053537001,,,,,,3537001,"Pelee, Township (TP)",20.6,13.8,230,-2.1,5.6,60.4,1.8,,0,0,pelee,,,0,0,
Leamington,2021A00053537003,10445,1260,680,18.5734801340354,6.51029200574438,3537003,"Leamington, Municipality (MU)",2.7,3.3,29680,7.6,113.6,41.2,2.7,40000,30.7,0.4,leamington,,,0,0,
Kingsville,2021A00053537013,8120,625,295,11.3300492610837,3.63300492610837,3537013,"Kingsville, Town (T)",1.8,2.3,22119,2.6,89.9,45.2,2.6,44800,15.3,0.2,kingsville,,,0,0,
Essex,2021A00053537016,8240,630,365,12.0752427184466,4.42961165048544,3537016,"Essex, Town (T)",2.5,3.8,21216,3.9,76.4,46.8,2.5,41200,14.7,0.2,essex,,,0,0,
Amherstburg,2021A00053537028,9085,885,320,13.26362135388,3.52228948816731,3537028,"Amherstburg, Town (T)",1.8,2.4,23524,7.2,128,45.6,2.5,46000,14.6,0.2,amherstburg,Windsor CMA,Amherstburg T,2,13,
LaSalle,2021A00053537034,11610,890,370,10.8527131782946,3.18690783807063,3537034,"LaSalle, Town (T)",1.4,1.6,32721,8.4,503.7,44,2.8,56000,8.7,0.2,lasalle,Windsor CMA,LaSalle T,2,1,
Windsor,2021A00053537039,94260,12905,6930,21.0428601739868,7.3520050922979,3537039,"Windsor, City (CY)",2.8,3.6,229660,5.7,1572.8,40.8,2.4,38800,37.5,0.4,windsor,Windsor CMA,Windsor CY,9,16,Not met
Tecumseh,2021A00053537048,8915,665,335,11.2170499158721,3.75771172181716,3537048,"Tecumseh, Town (T)",1.2,1.7,23300,0.3,246.3,47.6,2.6,54800,11.2,0.2,tecumseh,Windsor CMA,Tecumseh T,0,99,
Lakeshore,2021A00053537064,14055,1085,505,11.3127001067236,3.59302739238705,3537064,"Lakeshore, Town (T)",1.9,2.4,40410,10.4,76.4,42.8,2.8,50400,8.4,0.1,lakeshore,Windsor CMA,Lakeshore T,0,7,
St. Clair,2021A00053538003,5665,375,190,9.97352162400706,3.35392762577229,3538003,"St. Clair, Township (TP)",1.4,2,14659,4.1,23.7,44.8,2.4,51600,13.7,0.2,st clair,Sarnia CA,St. Clair TP,0,4,
Walpole Island 46,2021A00053538004,,,,,,,,,,,,,,,,,,walpole island 46,,,0,0,
Dawn-Euphemia,2021A00053538007,550,30,35,11.8181818181818,6.36363636363636,3538007,"Dawn-Euphemia, Township (TP)",1.6,2.6,1968,0.1,4.4,43.6,2.6,43200,17,0,dawn euphemia,,,0,0,
Brooke-Alvinston,2021A00053538015,745,75,0,10.0671140939597,0,3538015,"Brooke-Alvinston, Municipality (MU)",2.2,2.6,2359,-2.2,7.6,41.6,2.6,35600,15.8,0,brooke alvinston,,,0,0,
Enniskillen,2021A00053538016,875,45,35,9.14285714285714,4,3538016,"Enniskillen, Township (TP)",1,1.2,2825,1,8.4,47.2,2.6,44800,13.9,0,enniskillen,,,0,0,
Oil Springs,2021A00053538018,270,0,0,0,0,3538018,"Oil Springs, Village (VL)",1.5,3.2,647,-0.2,79.5,40.8,2.4,47200,5.6,0,oil springs,,,0,0,
Petrolia,2021A00053538019,2460,200,80,11.3821138211382,3.2520325203252,3538019,"Petrolia, Town (T)",0.6,1.3,6013,4.7,482.6,42.8,2.4,41600,20.9,0.4,petrolia,,,0,0,
Sarnia 45,2021A00053538025,0,0,0,,,,,,,,,,,,,,,sarnia 45,,,0,0,
Sarnia,2021A00053538030,32110,3870,1880,17.9071940205543,5.8548738710682,3538030,"Sarnia, City (CY)",1.4,2.1,72047,0.6,439.6,46,2.2,41200,31.8,0.4,sarnia,Sarnia CA,Sarnia CY,114,11,Exceeded
Point Edward,2021A00053538031,940,75,25,10.6382978723404,2.65957446808511,3538031,"Point Edward, Village (VL)",1.2,2.9,1930,-5.3,585,55.2,2.1,49200,14.9,0,point edward,Sarnia CA,Point Edward VL,0,2,
Plympton-Wyoming,2021A00053538035,2965,180,90,9.106239460371,3.035413153457,3538035,"Plympton-Wyoming, Town (T)",1.4,2.9,8308,6.6,26.1,45.6,2.6,53600,11.8,0.3,plympton wyoming,Sarnia CA,Plympton-Wyoming T,0,15,
Lambton Shores,2021A00053538040,5165,475,240,13.8431752178122,4.64666021297193,3538040,"Lambton Shores, Municipality (MU)",4.7,5.7,11876,11.7,35.9,56.8,2.2,39200,19,0.2,lambton shores,,,0,0,
Warwick,2021A00053538043,1215,125,45,13.9917695473251,3.7037037037037,3538043,"Warwick, Township (TP)",1.4,2.7,3641,-1.4,12.5,41.6,2.6,45200,21.8,0.7,warwick,,,0,0,
Kettle Point 44,2021A00053538056,0,0,0,,,,,,,,,,,,,,,kettle point 44,,,0,0,
Newbury,2021A00053539002,195,0,0,0,0,3539002,"Newbury, Village (VL)",2.1,2.1,440,-5.6,248.6,47.2,2.4,38000,25.6,0,newbury,,,0,0,
Southwest Middlesex,2021A00053539005,2215,200,90,13.0925507900677,4.06320541760722,3539005,"Southwest Middlesex, Municipality (MU)",1.5,2,5893,3,13.8,44.8,2.4,39200,20.8,0.4,southwest middlesex,,,0,0,
Strathroy-Caradoc,2021A00053539015,9315,845,450,13.9023081052067,4.83091787439614,3539015,"Strathroy-Caradoc, Municipality (MU)",1.5,1.7,23871,14.4,88.1,43.6,2.5,39600,21.9,0.2,strathroy caradoc,London CMA,Strathroy-Caradoc MU,2,2,
Chippewas of the Thames First Nation 42,2021A00053539017,,,,,,,,,,,,,,,,,,chippewas of the thames first nation 42,,,0,0,
Munsee-Delaware Nation 1,2021A00053539018,,,,,,,,,,,,,,,,,,munsee delaware nation 1,,,0,0,
Oneida 41,2021A00053539021,,,,,,,,,,,,,,,,,,oneida 41,,,0,0,
Thames Centre,2021A00053539027,4890,345,210,11.3496932515337,4.29447852760736,3539027,"Thames Centre, Municipality (MU)",1.2,1.3,13980,6,32.2,45.2,2.7,49200,11.9,0,thames centre,London CMA,Thames Centre MU,7,13,
Middlesex Centre,2021A00053539033,6300,565,225,12.5396825396825,3.57142857142857,3539033,"Middlesex Centre, Municipality (MU)",1.4,3.8,18928,9.7,32.2,43.6,2.8,51600,10.2,0,middlesex centre,London CMA,Middlesex Centre MU,1,22,
London,2021A00053539036,174590,26755,15255,24.0620883212097,8.73761383813506,3539036,"London, City (CY)",2.7,3.3,422324,10,1004.3,38.8,2.4,41200,41.9,0.4,london,London CMA,London CY,297,120,Not met
North Middlesex,2021A00053539041,2085,155,105,12.4700239808153,5.03597122302158,3539041,"North Middlesex, Municipality (MU)",1.1,4.2,6307,-0.7,10.5,44,2.6,38800,18.2,0,north middlesex,,,0,0,
Adelaide-Metcalfe,2021A00053539047,860,75,35,12.7906976744186,4.06976744186047,3539047,"Adelaide-Metcalfe, Township (TP)",1.6,2.9,3011,0.7,9.1,43.2,2.9,46800,18.2,0,adelaide metcalfe,London CMA,Adelaide-Metcalfe TP,0,1,
Lucan Biddulph,2021A00053539060,1975,145,90,11.8987341772152,4.55696202531646,3539060,"Lucan Biddulph, Township (TP)",0.8,0.8,5680,20.9,33.6,37.6,2.7,45200,14.2,0,lucan biddulph,,,0,0,
South Huron,2021A00053540005,4170,450,225,16.1870503597122,5.39568345323741,3540005,"South Huron, Municipality (MU)",1.5,2.2,10063,-0.3,23.7,50,2.3,41200,27.2,0.5,south huron,,,0,0,
Bluewater,2021A00053540010,3100,310,175,15.6451612903226,5.64516129032258,3540010,"Bluewater, Municipality (MU)",5.5,6.7,7540,5.7,18.1,52,2.3,45200,16.5,0,bluewater,,,0,0,
Central Huron,2021A00053540025,3005,320,95,13.8103161397671,3.16139767054908,3540025,"Central Huron, Municipality (MU)",2.9,3.5,7799,2.9,17.4,48.8,2.3,41600,18.8,0,central huron,,,0,0,
Goderich,2021A00053540028,3670,480,265,20.299727520436,7.22070844686649,3540028,"Goderich, Town (T)",1.3,1.4,7881,3.3,923.1,52.8,2.1,38000,34.6,0,goderich,,,0,0,
Huron East,2021A00053540040,3345,335,100,13.0044843049327,2.98953662182362,3540040,"Huron East, Municipality (MU)",1.4,3.1,9512,4.1,14.2,41.6,2.5,36800,21.4,0.4,huron east,,,0,0,
Howick,2021A00053540046,1165,135,50,15.8798283261803,4.29184549356223,3540046,"Howick, Township (TP)",1.6,3.3,4045,4.4,14.1,35.2,3,38400,16.4,0,howick,,,0,0,
Morris-Turnberry,2021A00053540050,1020,85,30,11.2745098039216,2.94117647058824,3540050,"Morris-Turnberry, Municipality (MU)",0.8,2.4,3590,2.7,9.5,40,2.8,46400,11.7,0,morris turnberry,,,0,0,
North Huron,2021A00053540055,2060,225,120,16.747572815534,5.8252427184466,3540055,"North Huron, Township (TP)",0.8,3.1,5052,2.4,28.2,44,2.3,36000,28.8,0,north huron,,,0,0,
Ashfield-Colborne-Wawanosh,2021A00053540063,2065,200,65,12.8329297820823,3.14769975786925,3540063,"Ashfield-Colborne-Wawanosh, Township (TP)",3.5,5.2,5884,8.5,10,51.2,2.5,42000,9.7,0,ashfield colborne wawanosh,,,0,0,
South Bruce,2021A00053541004,1915,190,55,12.7937336814621,2.87206266318538,3541004,"South Bruce, Municipality (MU)",1.8,2.3,5880,4.3,12.1,41.2,2.6,37600,19.7,0,south bruce,,,0,0,
Huron-Kinloss,2021A00053541015,2865,285,140,14.8342059336824,4.88656195462478,3541015,"Huron-Kinloss, Township (TP)",3.7,4.9,7723,9.3,17.5,46,2.5,44800,13.4,0.3,huron kinloss,,,0,0,
Kincardine,2021A00053541024,4970,450,260,14.2857142857143,5.23138832997988,3541024,"Kincardine, Municipality (MU)",2.6,4.2,12268,7.7,22.8,44.4,2.3,52000,20.1,0.2,kincardine,,,0,0,
Brockton,2021A00053541032,3700,370,155,14.1891891891892,4.18918918918919,3541032,"Brockton, Municipality (MU)",2.5,3.5,9784,3.4,17.3,44.8,2.4,40800,20.8,0.2,brockton,,,0,0,
Arran-Elderslie,2021A00053541043,2555,330,180,19.9608610567515,7.04500978473581,3541043,"Arran-Elderslie, Municipality (MU)",2.7,3.8,6913,1.6,15.1,42,2.4,39200,22.3,0.4,arran elderslie,,,0,0,
Saugeen Shores,2021A00053541045,6865,640,310,13.8383102694829,4.5156591405681,3541045,"Saugeen Shores, Town (T)",3.3,4.5,15908,16,93.5,46.8,2.3,51200,19.6,0.2,saugeen shores,,,0,0,
South Bruce Peninsula,2021A00053541055,4030,415,250,16.5012406947891,6.20347394540943,3541055,"South Bruce Peninsula, Town (T)",7.6,7.5,9137,8.6,17.2,56.8,2.2,39200,16.9,0.2,south bruce peninsula,,,0,0,
Chief's Point No. 28,2021A00053541056,,,,,,,,,,,,,,,,,,chief s point no 28,,,0,0,
Saugeen 29,2021A00053541057,0,0,0,,,,,,,,,,,,,,,saugeen 29,,,0,0,
Neyaashiinigmiing 27,2021A00053541060,0,0,0,,,,,,,,,,,,,,,neyaashiinigmiing 27,,,0,0,
Northern Bruce Peninsula,2021A00053541069,2155,215,130,16.0092807424594,6.03248259860789,3541069,"Northern Bruce Peninsula, Municipality (MU)",13.9,13.7,4404,10.1,5.7,61.6,2,39600,10.2,0,northern bruce peninsula,,,0,0,
West Grey,2021A00053542004,4910,455,230,13.9511201629328,4.68431771894094,3542004,"West Grey, Municipality (MU)",1.7,3.5,13131,4.9,15,49.6,2.5,33600,14.1,0.6,west grey,,,0,0,
Southgate,2021A00053542005,2715,340,245,21.5469613259669,9.02394106813996,3542005,"Southgate, Township (TP)",1.5,1.7,8716,18.5,13.6,36,2.9,40400,16.6,0.3,southgate,,,0,0,
Grey Highlands,2021A00053542015,3715,440,260,18.842530282638,6.99865410497981,3542015,"Grey Highlands, Municipality (MU)",3.2,7.1,10424,6.3,11.9,46.8,2.5,38000,13,0,grey highlands,,,0,0,
Hanover,2021A00053542029,3445,525,165,20.0290275761974,4.78955007256894,3542029,"Hanover, Town (T)",1.6,2.7,7967,3.6,814.6,49.2,2.2,35200,36,0.4,hanover,,,0,0,
Chatsworth,2021A00053542037,2530,235,160,15.6126482213439,6.32411067193676,3542037,"Chatsworth, Township (TP)",2.6,3.2,7080,6.8,11.9,46,2.6,35200,9.3,0.4,chatsworth,,,0,0,
The Blue Mountains,2021A00053542045,4260,540,335,20.5399061032864,7.86384976525822,3542045,"The Blue Mountains, Town (T)",7.6,8.5,9390,33.7,33,58.8,2.1,49600,13,0,the blue mountains,,,0,0,
Meaford,2021A00053542047,4825,590,320,18.860103626943,6.63212435233161,3542047,"Meaford, Municipality (MU)",2,2.8,11485,4.5,19.5,54.4,2.3,36800,19.2,0.3,meaford,,,0,0,
Georgian Bluffs,2021A00053542053,4315,355,125,11.1239860950174,2.89687137891078,3542053,"Georgian Bluffs, Township (TP)",2.2,2.6,11100,5.9,18.5,51.2,2.5,41200,7,0.4,georgian bluffs,,,0,0,
Owen Sound,2021A00053542059,9895,1660,735,24.2041435068216,7.42799393633148,3542059,"Owen Sound, City (CY)",2.1,3.1,21612,1.3,892.6,48,2.1,34000,42,0.3,owen sound,,,0,0,
Adjala-Tosorontio,2021A00053543003,3745,400,260,17.6234979973298,6.94259012016021,3543003,"Adjala-Tosorontio, Township (TP)",1.3,1.9,10989,0.1,29.6,46.4,2.9,48000,7,0,adjala tosorontio,,,0,0,
Clearview,2021A00053543005,5410,700,295,18.3918669131238,5.45286506469501,3543005,"Clearview, Township (TP)",2.3,3.3,14814,4.7,26.6,44.8,2.6,42800,14.7,0.3,clearview,,,0,0,
New Tecumseth,2021A00053543007,15770,2485,1085,22.6379201014585,6.88015218769816,3543007,"New Tecumseth, Town (T)",1.3,2,43948,28.3,160.5,39.6,2.7,49600,16.1,0.1,new tecumseth,Toronto Other,New Tecumseth T,1,29,Not met
Springwater,2021A00053543009,7350,760,435,16.2585034013605,5.91836734693878,3543009,"Springwater, Township (TP)",1.9,2.8,21701,13.9,40.5,43.2,2.9,44800,10.3,0.3,springwater,Barrie CMA,Springwater TP,8,18,
Bradford West Gwillimbury,2021A00053543014,13360,2400,1165,26.684131736527,8.72005988023952,3543014,"Bradford West Gwillimbury, Town (T)",2.1,4.3,42880,21.4,213.7,37.6,3.2,46400,16.5,0.1,bradford west gwillimbury,Toronto Other,Bradford West Gwillimbury T,18,8,Not met
Severn,2021A00053543015,5725,490,280,13.4497816593886,4.89082969432314,3543015,"Severn, Township (TP)",3.3,4.4,14576,8.3,27.9,49.6,2.5,42800,10.1,0.2,severn,,,0,0,
Innisfil,2021A00053543017,15635,2515,1260,24.1445474896067,8.05884234090182,3543017,"Innisfil, Town (T)",4.6,6.5,43326,18.5,165.1,42,2.8,46000,14.3,0.1,innisfil,Barrie CMA,Innisfil T,3,222,Exceeded
Ramara,2021A00053543019,4335,565,330,20.6459054209919,7.61245674740485,3543019,"Ramara, Township (TP)",4.4,6.2,10377,9.4,25,54.4,2.4,44800,8.7,0.6,ramara,,,0,0,
Essa,2021A00053543021,7835,855,440,16.5283982131461,5.61582641991066,3543021,"Essa, Township (TP)",1.4,2.7,22970,9,82.1,37.6,2.9,53600,19.4,0.3,essa,,,0,0,
Oro-Medonte,2021A00053543023,8445,735,410,13.5583185316755,4.85494375370042,3543023,"Oro-Medonte, Township (TP)",2,2.4,23017,9.4,39.3,47.6,2.7,47600,5.6,0,oro medonte,,,0,0,
Collingwood,2021A00053543031,11170,1740,1215,26.4547896150403,10.8773500447628,3543031,"Collingwood, Town (T)",2.6,3.4,24811,13.8,748.3,50.8,2.2,43200,27.2,0.2,collingwood,,,0,0,
Barrie,2021A00053543042,55315,9715,5045,26.683539727018,9.12049172918738,3543042,"Barrie, City (CY)",2.1,3.4,147829,4.5,1493.1,39.2,2.6,45600,32.3,0.2,barrie,Barrie CMA,Barrie CY,5,12,Exceeded
Chippewas of Rama First Nation,2021A00053543050,0,0,0,,,,,,,,,,,,,,,chippewas of rama first nation,,,0,0,
Orillia,2021A00053543052,14425,2615,1220,26.5857885615251,8.45753899480069,3543052,"Orillia, City (CY)",2.6,4.4,33411,7.2,1171.1,46.8,2.2,37200,38.8,0.3,orillia,,,0,0,
Wasaga Beach,2021A00053543064,10810,1450,705,19.9352451433858,6.52173913043478,3543064,"Wasaga Beach, Town (T)",4.1,4.5,24862,20.3,433,56.4,2.3,40000,14.6,0.1,wasaga beach,,,0,0,
Tiny,2021A00053543068,5375,525,325,15.8139534883721,6.04651162790698,3543068,"Tiny, Township (TP)",8.1,9.9,12966,10,38.7,55.2,2.4,45200,7.7,0.5,tiny,,,0,0,
Christian Island 30,2021A00053543069,0,0,0,,,,,,,,,,,,,,,christian island 30,,,0,0,
Christian Island 30A,2021A00053543070,,,,,,,,,,,,,,,,,,christian island 30a,,,0,0,
Tay,2021A00053543071,4510,535,270,17.8492239467849,5.98669623059867,3543071,"Tay, Township (TP)",3.1,5.1,11091,10.5,80.5,49.2,2.4,39600,9.6,0.4,tay,,,0,0,
Penetanguishene,2021A00053543072,3975,595,240,21.0062893081761,6.0377358490566,3543072,"Penetanguishene, Town (T)",2.6,3.7,10077,12.4,396.4,52,2.3,37600,24.3,0.3,penetanguishene,,,0,0,
Midland,2021A00053543074,7845,1165,650,23.1357552581262,8.2855321861058,3543074,"Midland, Town (T)",1.9,3.1,17817,5.7,504.3,50,2.2,34000,34.4,0.2,midland,,,0,0,
Gravenhurst,2021A00053544002,5495,685,425,20.2001819836215,7.73430391264786,3544002,"Gravenhurst, Town (T)",5.5,6.5,13157,6.9,26.9,53.6,2.2,38800,21.5,0.3,gravenhurst,,,0,0,
Bracebridge,2021A00053544018,7210,1005,470,20.4576976421637,6.51872399445215,3544018,"Bracebridge, Town (T)",3.1,3.5,17305,8.1,28.1,51.2,2.3,43200,20.4,0.6,bracebridge,,,0,0,
Lake of Bays,2021A00053544027,1760,160,140,17.0454545454545,7.95454545454545,3544027,"Lake of Bays, Township (TP)",15.5,15.5,3759,18.7,5.6,58.4,2.1,50400,8.8,0,lake of bays,,,0,0,
Huntsville,2021A00053544042,8795,1080,560,18.6469584991472,6.36725412166003,3544042,"Huntsville, Town (T)",2.9,4,21147,6.7,30,49.6,2.4,40400,19.5,0.6,huntsville,,,0,0,
Muskoka Lakes,2021A00053544053,3515,340,305,18.3499288762447,8.67709815078236,3544053,"Muskoka Lakes, Township (TP)",18,20.3,7652,16.2,9.9,57.2,2.2,48800,9.1,0.3,muskoka lakes,,,0,0,
Georgian Bay,2021A00053544065,1655,170,135,18.429003021148,8.1570996978852,3544065,"Georgian Bay, Township (TP)",22.5,23,3441,36.9,6.6,58.4,2.1,45600,10.5,0.6,georgian bay,,,0,0,
Wahta Mohawk Territory,2021A00053544071,,,,,,,,,,,,,,,,,,wahta mohawk territory,,,0,0,
Moose Point 79,2021A00053544073,,,,,,,,,,,,,,,,,,moose point 79,,,0,0,
Highlands East,2021A00053546005,1875,210,130,18.1333333333333,6.93333333333333,3546005,"Highlands East, Municipality (MU)",14.1,18.1,3830,14.6,5.6,58.8,2,36400,11.2,0.8,highlands east,,,0,0,
Minden Hills,2021A00053546015,3215,325,140,14.4634525660964,4.35458786936236,3546015,"Minden Hills, Township (TP)",9,10.5,6971,14.5,8.2,58.8,2.1,39200,11.5,0,minden hills,,,0,0,
Algonquin Highlands,2021A00053546018,1270,125,75,15.748031496063,5.90551181102362,3546018,"Algonquin Highlands, Township (TP)",16.2,20.8,2588,10.1,2.6,60.4,2,44000,8.3,0,algonquin highlands,,,0,0,
Dysart et al,2021A00053546024,3330,370,180,16.5165165165165,5.40540540540541,3546024,"Dysart et al, Municipality (MU)",13,16.8,7182,14.4,4.9,59.2,2.1,40000,15.2,0,dysart et al,,,0,0,
Arnprior,2021A00053547002,4310,585,240,19.1415313225058,5.56844547563805,3547002,"Arnprior, Town (T)",1.9,2.5,9629,9.5,738.5,48,2.2,37600,36.7,0,arnprior,,,0,0,
McNab/Braeside,2021A00053547003,2980,205,115,10.738255033557,3.85906040268456,3547003,"McNab/Braeside, Township (TP)",2.5,3,7591,5.8,29.7,48,2.5,45600,9.9,0,mcnab braeside,,,0,0,
Greater Madawaska,2021A00053547008,1335,160,60,16.4794007490637,4.49438202247191,3547008,"Greater Madawaska, Township (TP)",9.5,11,2864,13.7,2.8,58.8,2.1,44400,5.9,0,greater madawaska,,,0,0,
"Brudenell, Lyndoch and Raglan",2021A00053547020,665,40,20,9.02255639097744,3.00751879699248,3547020,"Brudenell, Lyndoch and Raglan, Township (TP)",4.6,5.1,1552,3.3,2.2,55.6,2.2,29200,8.7,0,brudenell lyndoch and raglan,,,0,0,
Madawaska Valley,2021A00053547030,1705,185,85,15.8357771260997,4.98533724340176,3547030,"Madawaska Valley, Township (TP)",6.4,7.7,3927,-4.8,5.9,58.4,2.1,30000,16.6,0.6,madawaska valley,,,0,0,
"Killaloe, Hagarty and Richards",2021A00053547033,1085,75,55,11.9815668202765,5.06912442396313,3547033,"Killaloe, Hagarty and Richards, Township (TP)",4.1,5.3,2410,-0.4,6.2,54,2.2,29400,11.3,0,killaloe hagarty and richards,,,0,0,
Bonnechere Valley,2021A00053547035,1680,220,45,15.7738095238095,2.67857142857143,3547035,"Bonnechere Valley, Township (TP)",4.4,4.5,3898,6.1,6.6,54.4,2.2,32400,16.4,0,bonnechere valley,,,0,0,
Pikwakanagan (Golden Lake 39),2021A00053547037,0,0,0,,,,,,,,,,,,,,,pikwakanagan golden lake 39,,,0,0,
Admaston/Bromley,2021A00053547043,1000,50,30,8,3,3547043,"Admaston/Bromley, Township (TP)",1.8,3.2,2995,2,5.8,45.2,2.6,36800,10.1,0.9,admaston bromley,,,0,0,
Horton,2021A00053547046,1265,110,40,11.8577075098814,3.16205533596838,3547046,"Horton, Township (TP)",3.3,5.3,3182,10.2,20.1,48.8,2.5,36800,8.9,0,horton,,,0,0,
Renfrew,2021A00053547048,3955,565,215,19.7218710493047,5.43615676359039,3547048,"Renfrew, Town (T)",1.1,1.7,8190,-0.4,639.3,54,2,31400,41.3,0.5,renfrew,,,0,0,
Whitewater Region,2021A00053547056,2730,245,115,13.1868131868132,4.21245421245421,3547056,"Whitewater Region, Township (TP)",3,3.1,7225,3.1,13.5,47.6,2.4,40400,12.9,0,whitewater region,,,0,0,
Pembroke,2021A00053547064,6540,1000,455,22.2477064220184,6.95718654434251,3547064,"Pembroke, City (CY)",1.1,3.1,14364,3.5,1002.8,46.4,2.1,34800,42.2,0.5,pembroke,,,0,0,
North Algona Wilberforce,2021A00053547070,1230,100,45,11.7886178861789,3.65853658536585,3547070,"North Algona Wilberforce, Township (TP)",3.6,3.7,3111,6.7,8.4,52,2.4,40800,11.2,0,north algona wilberforce,,,0,0,
Laurentian Valley,2021A00053547075,3640,265,80,9.47802197802198,2.1978021978022,3547075,"Laurentian Valley, Township (TP)",0.9,1.9,9450,0.7,17.5,45.6,2.5,45600,12.1,0,laurentian valley,,,0,0,
Petawawa,2021A00053547076,6755,435,140,8.51221317542561,2.07253886010363,3547076,"Petawawa, Town (T)",1.2,2.3,18160,5.7,110.3,32,2.6,65500,35.8,0.4,petawawa,,,0,0,
Laurentian Hills,2021A00053547090,1250,105,30,10.8,2.4,3547090,"Laurentian Hills, Town (T)",1.8,3.6,2885,-2.6,4.5,42,2.3,55200,10,0,laurentian hills,,,0,0,
Deep River,2021A00053547096,1865,140,45,9.91957104557641,2.41286863270777,3547096,"Deep River, Town (T)",1.1,2.4,4175,1.6,83,47.6,2.2,55600,20.1,0,deep river,,,0,0,
"Head, Clara and Maria",2021A00053547098,,,,,,3547098,"Head, Clara and Maria, Township (TP)",1.6,4.1,267,7.7,0.4,60,2.2,28400,13,0,head clara and maria,,,0,0,
South Algonquin,2021A00053548001,530,55,0,10.377358490566,0,3548001,"South Algonquin, Township (TP)",12.2,20.9,1055,-3.7,1.2,59.6,2,35600,12.4,0,south algonquin,,,0,0,
Papineau-Cameron,2021A00053548013,420,25,20,10.7142857142857,4.76190476190476,3548013,"Papineau-Cameron, Township (TP)",1.5,2,982,-3.3,1.7,52.4,2.4,32000,8.2,0,papineau cameron,,,0,0,
Mattawan,2021A00053548019,,,,,,3548019,"Mattawan, Township (TP)",7,0,153,-5,0.8,53.2,2.2,,0,0,mattawan,,,0,0,
Mattawa,2021A00053548021,860,120,65,21.5116279069767,7.55813953488372,3548021,"Mattawa, Town (T)",2.1,4.7,1881,-5.6,513.1,53.6,2.1,26400,35.1,0,mattawa,,,0,0,
Calvin,2021A00053548022,220,20,15,15.9090909090909,6.81818181818182,3548022,"Calvin, Municipality (MU)",3.1,6,557,7.9,4,50,2.5,28600,11.1,0,calvin,,,0,0,
Bonfield,2021A00053548027,885,100,15,12.9943502824859,1.69491525423729,3548027,"Bonfield, Township (TP)",3.6,5.1,2146,7.8,10.4,48,2.4,42000,11.2,0,bonfield,North Bay CA,Bonfield TP,0,0,
Chisholm,2021A00053548031,500,60,25,17,5,3548031,"Chisholm, Township (TP)",3.9,3.6,1312,1.6,6.4,44.8,2.6,35200,4.9,0,chisholm,North Bay CA,Chisholm TP,0,0,
East Ferris,2021A00053548034,1880,185,70,13.563829787234,3.72340425531915,3548034,"East Ferris, Municipality (MU)",2.7,3.6,4946,1.7,32.6,48,2.6,44400,5,0,east ferris,North Bay CA,East Ferris MU,1,0,
North Bay,2021A00053548044,23470,3430,1500,21.0055389859395,6.39113762249681,3548044,"North Bay, City (CY)",2.1,3.8,52662,2.2,166.9,44,2.2,37200,40.8,0.3,north bay,North Bay CA,North Bay CY,0,0,Exceeded
West Nipissing,2021A00053548055,6315,900,350,19.7941409342835,5.54235946159937,3548055,"West Nipissing / Nipissing Ouest, Municipality (M)",3.8,5.4,14583,1.5,7.5,51.2,2.2,31600,31.7,0.3,west nipissing,,,0,0,
Temagami,2021A00053548069,435,35,30,14.9425287356322,6.89655172413793,3548069,"Temagami, Municipality (MU)",18.8,25.6,862,7.5,0.5,61.2,1.9,40000,18.6,0,temagami,,,0,0,
Bear Island 1,2021A00053548072,,,,,,,,,,,,,,,,,,bear island 1,,,0,0,
Nipissing 10,2021A00053548073,0,0,0,,,,,,,,,,,,,,,nipissing 10,,,0,0,
"Nipissing, Unorganized, South Part",2021A00053548091,,,,,,3548091,"Nipissing, Unorganized, South Part, Unorganized (NO)",36,45.1,102,-1,0,60,1.9,,0,0,nipissing unorganized south part,,,0,0,
"Nipissing, Unorganized, North Part",2021A00053548094,730,50,25,10.2739726027397,3.42465753424658,3548094,"Nipissing, Unorganized, North Part, Unorganized (NO)",9.1,15.9,1591,-10.8,0.4,54.8,2.2,37600,10.3,0,nipissing unorganized north part,North Bay CA,"Nipissing, Unorganized, North Part NO",0,0,
Seguin,2021A00053549003,2120,215,115,15.5660377358491,5.42452830188679,3549003,"Seguin, Township (TP)",14,15.1,5280,22.7,9,54.8,2.3,46000,9.8,0.7,seguin,,,0,0,
The Archipelago,2021A00053549005,490,45,0,9.18367346938776,0,3549005,"The Archipelago, Township (TP)",47.1,50.7,979,84.4,1.7,60.4,1.9,49600,8,0,the archipelago,,,0,0,
McMurrich/Monteith,2021A00053549012,420,55,35,21.4285714285714,8.33333333333333,3549012,"McMurrich/Monteith, Township (TP)",8.5,12.7,907,10.1,3.3,57.6,2.1,32400,8.4,0,mcmurrich monteith,,,0,0,
Perry,2021A00053549014,1140,105,65,14.9122807017544,5.70175438596491,3549014,"Perry, Township (TP)",7.5,13.4,2650,8,14.2,51.6,2.3,34400,9.2,0.9,perry,,,0,0,
Kearney,2021A00053549018,455,50,20,15.3846153846154,4.3956043956044,3549018,"Kearney, Town (T)",11.6,13.5,974,10.4,1.8,58.4,2.1,34000,7.6,0,kearney,,,0,0,
Armour,2021A00053549019,665,65,35,15.0375939849624,5.26315789473684,3549019,"Armour, Township (TP)",8.5,9,1459,3.2,8.9,56.8,2.2,35600,6.8,0,armour,,,0,0,
Burk's Falls,2021A00053549022,465,70,20,19.3548387096774,4.3010752688172,3549022,"Burk's Falls, Village (VL)",5.4,5,957,-2.4,310,45.2,2.1,29800,38.7,0,burk s falls,,,0,0,
Ryerson,2021A00053549024,340,30,30,17.6470588235294,8.82352941176471,3549024,"Ryerson, Township (TP)",7.3,7,745,15,4,54.8,2.2,36400,7.1,0,ryerson,,,0,0,
McKellar,2021A00053549028,680,70,30,14.7058823529412,4.41176470588235,3549028,"McKellar, Township (TP)",12.2,15.1,1419,27.7,8.1,60.4,2,46400,4.3,0,mckellar,,,0,0,
McDougall,2021A00053549031,1155,105,55,13.8528138528139,4.76190476190476,3549031,"McDougall, Municipality (MU)",5.3,6.9,2744,1.6,10.4,52,2.4,45600,8.2,0,mcdougall,,,0,0,
Parry Sound,2021A00053549032,3195,600,310,28.4820031298905,9.70266040688576,3549032,"Parry Sound, Town (T)",2.9,5.4,6879,7.4,524.9,53.2,2,34800,40.4,1.3,parry sound,,,0,0,
Carling,2021A00053549036,695,35,50,12.2302158273381,7.19424460431655,3549036,"Carling, Township (TP)",15.6,20.7,1491,32.5,6.1,58,2.1,50400,5.8,0,carling,,,0,0,
Whitestone,2021A00053549039,535,60,40,18.6915887850467,7.47663551401869,3549039,"Whitestone, Municipality (MU)",16.7,17.9,1075,17.4,1.2,61.6,2,38400,2.7,0,whitestone,,,0,0,
Magnetawan,2021A00053549043,810,85,45,16.0493827160494,5.55555555555556,3549043,"Magnetawan, Municipality (MU)",15.6,15.9,1753,26.1,3.3,59.2,2.1,37600,12.7,0,magnetawan,,,0,0,
Strong,2021A00053549046,645,100,20,18.6046511627907,3.10077519379845,3549046,"Strong, Township (TP)",6.5,10.9,1566,8.8,9.9,54.8,2.4,36400,12.1,0,strong,,,0,0,
Sundridge,2021A00053549048,440,60,0,13.6363636363636,0,3549048,"Sundridge, Village (VL)",1.6,2.1,938,-2.4,417.7,54.4,2.1,31000,14.8,0,sundridge,,,0,0,
Joly,2021A00053549051,,,,,,3549051,"Joly, Township (TP)",3.1,13.3,293,-3.6,1.5,54.8,2.3,38400,9.1,0,joly,,,0,0,
Machar,2021A00053549054,470,0,0,0,0,3549054,"Machar, Township (TP)",11.3,12,969,9.9,5.3,59.6,2.1,36400,6.3,0,machar,,,0,0,
South River,2021A00053549056,485,55,30,17.5257731958763,6.18556701030928,3549056,"South River, Village (VL)",4.5,6.8,1101,-1.2,268,49.2,2.3,26000,39.6,0,south river,,,0,0,
Powassan,2021A00053549060,1295,110,55,12.7413127413127,4.24710424710425,3549060,"Powassan, Municipality (MU)",1.7,3.3,3346,-3.2,15,50.4,2.4,36000,15,0,powassan,North Bay CA,Powassan MU,1,1,
Callander,2021A00053549066,1630,135,85,13.4969325153374,5.21472392638037,3549066,"Callander, Municipality (MU)",1.8,2.8,3964,2.6,38.5,50.4,2.4,41600,12.2,0,callander,North Bay CA,Callander MU,0,0,
Nipissing,2021A00053549071,720,75,45,16.6666666666667,6.25,3549071,"Nipissing, Township (TP)",4.5,4.6,1769,3.6,4.6,54.8,2.3,50000,6.8,0,nipissing,North Bay CA,Nipissing TP,0,0,
Shawanaga 17,2021A00053549072,,,,,,,,,,,,,,,,,,shawanaga 17,,,0,0,
Parry Island First Nation,2021A00053549073,0,0,0,,,,,,,,,,,,,,,parry island first nation,,,0,0,
Henvey Inlet 2,2021A00053549075,,,,,,,,,,,,,,,,,,henvey inlet 2,,,0,0,
French River 13,2021A00053549076,,,,,,,,,,,,,,,,,,french river 13,,,0,0,
Dokis 9,2021A00053549077,,,,,,,,,,,,,,,,,,dokis 9,,,0,0,
Magnetewan 1,2021A00053549078,,,,,,,,,,,,,,,,,,magnetewan 1,,,0,0,
Naiscoutaing 17A,2021A00053549093,,,,,,,,,,,,,,,,,,naiscoutaing 17a,,,0,0,
"Parry Sound, Unorganized, North East Part",2021A00053549095,,,,,,3549095,"Parry Sound, Unorganized, North East Part, Unorganized (NO)",5.5,18.8,179,-4.3,1,50.8,2.4,,33.3,0,parry sound unorganized north east part,,,0,0,
"Parry Sound, Unorganized, Centre Part",2021A00053549096,1245,145,55,16.0642570281125,4.41767068273092,3549096,"Parry Sound, Unorganized, Centre Part, Unorganized (NO)",12.3,13,2495,16.4,1,61.2,1.9,32800,9.5,0,parry sound unorganized centre part,,,0,0,
Tehkummah,2021A00053551001,230,25,40,28.2608695652174,17.3913043478261,3551001,"Tehkummah, Township (TP)",11.6,12.4,450,3.2,3.4,59.6,2,42400,10.2,0,tehkummah,,,0,0,
Central Manitoulin,2021A00053551006,1025,105,55,15.609756097561,5.36585365853659,3551006,"Central Manitoulin, Municipality (MU)",6.7,9.4,2235,7.2,5.2,58.4,2.1,34400,24.3,0,central manitoulin,,,0,0,
Assiginack,2021A00053551011,425,40,0,9.41176470588235,0,3551011,"Assiginack, Township (TP)",7.5,13.2,1008,-0.5,4.5,53.6,2.2,38000,17.8,0,assiginack,,,0,0,
Northeastern Manitoulin and the Islands,2021A00053551017,1175,135,55,16.1702127659574,4.68085106382979,3551017,"Northeastern Manitoulin and the Islands, Municipality (MU)",6,8.1,2641,-2.6,5.4,55.6,2.2,40000,18.3,0,northeastern manitoulin and the islands,,,0,0,
Billings,2021A00053551021,320,30,0,9.375,0,3551021,"Billings, Township (TP)",21.5,19.8,753,24.9,3.6,56.8,2.2,46400,10.8,0,billings,,,0,0,
Gore Bay,2021A00053551026,420,55,25,19.0476190476191,5.95238095238095,3551026,"Gore Bay, Town (T)",2.6,1.1,808,-6.8,157.2,56.8,2,34000,42.9,0,gore bay,,,0,0,
Gordon/Barrie Island,2021A00053551027,255,0,20,7.84313725490196,7.84313725490196,3551027,"Gordon/Barrie Island, Municipality (MU)",9.5,12.1,613,25.1,2.3,61.6,2.1,32000,13.5,0,gordon barrie island,,,0,0,
Burpee and Mills,2021A00053551028,150,0,0,0,0,3551028,"Burpee and Mills, Township (TP)",5.4,13.3,382,11.4,1.8,58,2.3,34800,5.7,0,burpee and mills,,,0,0,
Cockburn Island,2021A00053551034,,,,,,3551034,"Cockburn Island, Township (TP)",72.7,50,16,,0.1,,,,,,cockburn island,,,0,0,
Whitefish River 4,2021A00053551040,0,0,0,,,,,,,,,,,,,,,whitefish river 4,,,0,0,
Sucker Creek 23,2021A00053551041,0,0,0,,,,,,,,,,,,,,,sucker creek 23,,,0,0,
Sheguiandah 24,2021A00053551042,,,,,,,,,,,,,,,,,,sheguiandah 24,,,0,0,
Wikwemikong Unceded,2021A00053551043,0,0,0,,,,,,,,,,,,,,,wikwemikong unceded,,,0,0,
Sheshegwaning 20,2021A00053551044,,,,,,,,,,,,,,,,,,sheshegwaning 20,,,0,0,
M'Chigeeng 22,2021A00053551045,0,0,0,,,,,,,,,,,,,,,m chigeeng 22,,,0,0,
"Manitoulin, Unorganized, West Part",2021A00053551094,,,,,,3551094,"Manitoulin, Unorganized, West Part, Unorganized (NO)",16.3,22.6,219,29.6,0.5,63.2,1.8,,9.1,0,manitoulin unorganized west part,,,0,0,
Zhiibaahaasing 19A,2021A00053551100,,,,,,,,,,,,,,,,,,zhiibaahaasing 19a,,,0,0,
French River,2021A00053552001,1360,130,80,15.4411764705882,5.88235294117647,3552001,"French River / Rivière des Français, Municipality (M)",7.2,9,2828,6.2,3.9,58,2,38400,12.6,1.4,french river,,,0,0,
St.-Charles,2021A00053552004,615,35,55,14.6341463414634,8.94308943089431,3552004,"St.-Charles, Municipality (MU)",8.3,9.5,1357,6.9,4.3,55.6,2.2,36400,18.5,0,st charles,,,0,0,
Markstay-Warren,2021A00053552013,1095,135,45,16.4383561643836,4.10958904109589,3552013,"Markstay-Warren, Municipality (MU)",4.6,7.2,2708,2,5.4,45.2,2.4,33200,10.8,0.9,markstay warren,Greater Sudbury CMA,Markstay-Warren MU,0,0,
Sables-Spanish Rivers,2021A00053552023,1355,125,45,12.5461254612546,3.3210332103321,3552023,"Sables-Spanish Rivers, Township (TP)",5.2,7.1,3237,1.5,4,50.4,2.3,34000,13.7,0.7,sables spanish rivers,,,0,0,
Espanola,2021A00053552026,2300,235,85,13.9130434782609,3.69565217391304,3552026,"Espanola, Town (T)",1.6,3.6,5185,2.7,64,48.8,2.2,37200,24.3,0,espanola,,,0,0,
Baldwin,2021A00053552028,240,25,0,10.4166666666667,0,3552028,"Baldwin, Township (TP)",8.7,7.4,579,-4.3,7,52,2.4,40400,14.3,0,baldwin,,,0,0,
Nairn and Hyman,2021A00053552031,160,0,0,0,0,3552031,"Nairn and Hyman, Township (TP)",4.3,16.7,373,9.1,2.3,48.8,2.3,43600,15.2,0,nairn and hyman,,,0,0,
Killarney,2021A00053552036,170,0,0,0,0,3552036,"Killarney, Municipality (MU)",14.1,10.1,397,2.8,0.3,60,2,36800,0,0,killarney,,,0,0,
Point Grondine 3,2021A00053552037,,,,,,,,,,,,,,,,,,point grondine 3,,,0,0,
Whitefish Lake 6,2021A00053552051,0,0,0,,,,,,,,,,,,,,,whitefish lake 6,,,0,0,
Mattagami 71,2021A00053552052,,,,,,,,,,,,,,,,,,mattagami 71,,,0,0,
Chapleau 74A,2021A00053552053,,,,,,,,,,,,,,,,,,chapleau 74a,,,0,0,
Duck Lake 76B,2021A00053552054,,,,,,,,,,,,,,,,,,duck lake 76b,,,0,0,
Chapleau Cree Fox Lake,2021A00053552056,,,,,,,,,,,,,,,,,,chapleau cree fox lake,,,0,0,
Chapleau 75,2021A00053552058,,,,,,,,,,,,,,,,,,chapleau 75,,,0,0,
Chapleau,2021A00053552092,860,55,0,6.3953488372093,0,3552092,"Chapleau, Township (TP)",3.7,7.9,1942,-1.1,147.1,47.6,2.2,41600,23.4,0,chapleau,,,0,0,
"Sudbury, Unorganized, North Part",2021A00053552093,1365,115,55,12.4542124542125,4.02930402930403,3552093,"Sudbury, Unorganized, North Part, Unorganized (NO)",10.8,13.7,2902,7.6,0.1,56.8,2.1,42000,6.6,0,sudbury unorganized north part,,,0,0,
Greater Sudbury,2021A00053553005,71410,8525,3735,17.1684638005882,5.23035989357233,3553005,"Greater Sudbury / Grand Sudbury, City (CV)",3.6,4.9,166004,2.8,52.1,43.2,2.3,41600,35.5,0.3,greater sudbury,,,0,0,Exceeded
Wahnapitei 11,2021A00053553040,,,,,,,,,,,,,,,,,,wahnapitei 11,,,0,0,
Coleman,2021A00053554001,200,0,0,0,0,3554001,"Coleman, Township (TP)",12.2,16,517,-13.1,2.9,56,2.2,40000,4.9,0,coleman,,,0,0,
Latchford,2021A00053554006,155,20,0,12.9032258064516,0,3554006,"Latchford, Town (T)",9.4,12.8,355,13.4,2.3,57.2,2.1,40400,0,0,latchford,,,0,0,
Cobalt,2021A00053554008,450,35,25,13.3333333333333,5.55555555555556,3554008,"Cobalt, Town (T)",9.5,16.1,989,-12.3,478.5,48,2.2,24000,31.9,2.2,cobalt,,,0,0,
Harris,2021A00053554014,205,0,0,0,0,3554014,"Harris, Township (TP)",2,3.8,530,-2.8,10.6,50,2.6,42000,8.9,0,harris,,,0,0,
Temiskaming Shores,2021A00053554020,4245,485,220,16.6077738515901,5.18256772673734,3554020,"Temiskaming Shores, City (CY)",4.3,8.6,9634,-2.9,54.5,48.4,2.2,33200,27.7,0,temiskaming shores,,,0,0,
Hudson,2021A00053554021,225,0,0,0,0,3554021,"Hudson, Township (TP)",6.1,5.4,530,5.4,5.9,46.8,2.5,48400,12.8,0,hudson,,,0,0,
Kerns,2021A00053554024,80,0,0,0,0,3554024,"Kerns, Township (TP)",1.7,0,330,-7.8,3.6,39.2,2.7,36400,12,0,kerns,,,0,0,
Harley,2021A00053554026,170,0,0,0,0,3554026,"Harley, Township (TP)",2.7,0,524,-4.9,5.7,37.6,2.8,24600,16.2,0,harley,,,0,0,
Casey,2021A00053554029,120,0,0,0,0,3554029,"Casey, Township (TP)",4.7,6.3,341,-7.3,4.2,40.4,2.7,46400,0,0,casey,,,0,0,
Brethour,2021A00053554032,,,,,,3554032,"Brethour, Township (TP)",7.9,0,105,-15.3,1.3,46.8,2.8,,0,0,brethour,,,0,0,
Hilliard,2021A00053554034,,,,,,3554034,"Hilliard, Township (TP)",2.3,4.2,215,3.9,2.4,46.8,2.5,,14.3,0,hilliard,,,0,0,
Armstrong,2021A00053554036,475,25,25,10.5263157894737,5.26315789473684,3554036,"Armstrong, Township (TP)",2.6,6.5,1199,2.8,13.3,39.2,2.4,32400,29.7,0,armstrong,,,0,0,
Thornloe,2021A00053554038,,,,,,3554038,"Thornloe, Village (VL)",4.2,9.1,92,-17.9,14,50.4,1.9,,20,0,thornloe,,,0,0,
James,2021A00053554042,180,20,0,11.1111111111111,0,3554042,"James, Township (TP)",4.4,11.1,348,-17.1,4.1,56,1.9,33600,19.4,0,james,,,0,0,
Charlton and Dack,2021A00053554044,235,30,0,12.7659574468085,0,3554044,"Charlton and Dack, Municipality (MU)",3.1,4.7,686,0,7.4,45.2,2.6,37600,5.8,0,charlton and dack,,,0,0,
Evanturel,2021A00053554049,185,0,0,0,0,3554049,"Evanturel, Township (TP)",3.6,4.4,502,11.8,5.6,42,2.6,47600,8.1,0,evanturel,,,0,0,
Englehart,2021A00053554052,685,60,25,12.4087591240876,3.64963503649635,3554052,"Englehart, Town (T)",2.6,7.4,1442,-2.5,494.2,46.4,2,29200,32.4,0,englehart,,,0,0,
Chamberlain,2021A00053554054,,,,,,3554054,"Chamberlain, Township (TP)",3,3.6,311,-6.3,2.8,44.4,2.4,37200,0,0,chamberlain,,,0,0,
Matachewan,2021A00053554056,,,,,,3554056,"Matachewan, Township (TP)",4.4,12.1,268,19.1,0.5,53.2,2,36800,11.1,0,matachewan,,,0,0,
Matachewan 72,2021A00053554057,,,,,,,,,,,,,,,,,,matachewan 72,,,0,0,
McGarry,2021A00053554058,285,45,20,22.8070175438597,7.01754385964912,3554058,"McGarry, Township (TP)",6.2,6.6,579,-4.9,6.8,55.2,2,27400,15.8,0,mcgarry,,,0,0,
Larder Lake,2021A00053554062,370,25,20,12.1621621621622,5.40540540540541,3554062,"Larder Lake, Township (TP)",4.2,6.1,745,2.1,3.3,51.2,2.1,29200,18.9,0,larder lake,,,0,0,
Gauthier,2021A00053554066,,,,,,3554066,"Gauthier, Township (TP)",1.5,5.6,151,9.4,1.7,49.2,2.2,,20,0,gauthier,,,0,0,
Kirkland Lake,2021A00053554068,3770,535,175,18.8328912466844,4.64190981432361,3554068,"Kirkland Lake, Town (T)",3,7.6,7750,-2.9,29.7,45.2,2,32800,37.7,0.4,kirkland lake,,,0,0,
"Timiskaming, Unorganized, East Part",2021A00053554091,,,,,,3554091,"Timiskaming, Unorganized, East Part, Unorganized (NO)",50,100,5,0,0,,,,,,timiskaming unorganized east part,,,0,0,
"Timiskaming, Unorganized, West Part",2021A00053554094,1325,45,70,8.67924528301887,5.28301886792453,3554094,"Timiskaming, Unorganized, West Part, Unorganized (NO)",6.4,14.6,3210,-1.4,0.3,51.2,2.3,36800,6.9,0,timiskaming unorganized west part,,,0,0,
Black River-Matheson,2021A00053556014,1045,75,45,11.4832535885167,4.30622009569378,3556014,"Black River-Matheson, Township (TP)",6.8,13,2572,5.5,2.2,46.8,2.4,32400,17.6,0,black river matheson,,,0,0,
Timmins,2021A00053556027,17870,1915,960,16.088416340235,5.37213206491326,3556027,"Timmins, City (CY)",2.4,4.1,41145,-1.5,13.9,42,2.3,39600,33.1,0.5,timmins,,,0,0,
Iroquois Falls,2021A00053556031,1970,145,75,11.1675126903553,3.80710659898477,3556031,"Iroquois Falls, Town (T)",3.3,6.1,4418,-2.6,7.4,48,2.1,37200,25.1,0,iroquois falls,,,0,0,
Abitibi 70,2021A00053556033,,,,,,,,,,,,,,,,,,abitibi 70,,,0,0,
Cochrane,2021A00053556042,2315,210,120,14.2548596112311,5.18358531317495,3556042,"Cochrane, Town (T)",2.3,3.6,5390,1.3,10,43.6,2.3,35600,28.7,0.9,cochrane,,,0,0,
Smooth Rock Falls,2021A00053556048,580,50,0,8.62068965517242,0,3556048,"Smooth Rock Falls, Town (T)",4.1,3.4,1200,-9.8,6,58,2,41200,20.7,0,smooth rock falls,,,0,0,
Fauquier-Strickland,2021A00053556052,215,20,0,9.30232558139535,0,3556052,"Fauquier-Strickland, Township (TP)",3.5,8.8,467,-12.9,0.5,59.6,2.1,27800,18.6,0,fauquier strickland,,,0,0,
Moonbeam,2021A00053556056,520,35,0,6.73076923076923,0,3556056,"Moonbeam, Township (TP)",4,10,1157,-6,4.9,55.6,2.2,46400,7.6,0,moonbeam,,,0,0,
Kapuskasing,2021A00053556066,3785,375,125,13.2100396301189,3.30250990752972,3556066,"Kapuskasing, Town (T)",2.3,3.9,8057,-2.8,95.9,48.4,2.1,34400,33.4,0.3,kapuskasing,,,0,0,
Val Rita-Harty,2021A00053556070,305,0,15,4.91803278688525,4.91803278688525,3556070,"Val Rita-Harty, Township (TP)",4,11,757,-0.7,2,48.4,2.3,46800,11.5,0,val rita harty,,,0,0,
Opasatika,2021A00053556073,,,,,,3556073,"Opasatika, Township (TP)",2,0,200,-11.5,0.6,57.2,2,,13.6,0,opasatika,,,0,0,
Hearst,2021A00053556076,2255,225,70,13.0820399113082,3.10421286031042,3556076,"Hearst, Town (T)",2.5,5,4794,-5.4,48.9,48,2.1,35200,39.3,0,hearst,,,0,0,
Mattice-Val CÃ´tÃ©,2021A00053556077,260,0,0,0,0,3556077,"Mattice-Val Côté, Township (TP)",0.8,1.6,542,-16.4,1.3,49.6,2.2,31200,11.3,0,mattice val cote,,,0,0,
"Cochrane, Unorganized, South West Part",2021A00053556091,,,,,,3556091,"Cochrane, Unorganized, South West Part, Unorganized (NO)",100,0,5,,0,,,,,,cochrane unorganized south west part,,,0,0,
"Cochrane, Unorganized, North Part",2021A00053556092,1030,45,40,8.25242718446602,3.88349514563107,3556092,"Cochrane, Unorganized, North Part, Unorganized (NO)",8.3,14.6,2546,-11.1,0,48.8,2.4,51200,12.1,1.4,cochrane unorganized north part,,,0,0,
Fort Albany (Part) 67,2021A00053556093,0,0,0,,,,,,,,,,,,,,,fort albany part 67,,,0,0,
Factory Island 1,2021A00053556094,0,0,0,,,,,,,,,,,,,,,factory island 1,,,0,0,
Constance Lake 92,2021A00053556095,0,0,0,,,,,,,,,,,,,,,constance lake 92,,,0,0,
Moose Factory 68,2021A00053556096,,,,,,,,,,,,,,,,,,moose factory 68,,,0,0,
"Cochrane, Unorganized, South East Part",2021A00053556098,,,,,,3556098,"Cochrane, Unorganized, South East Part, Unorganized (NO)",6.7,0,25,150,0.5,,,,,,cochrane unorganized south east part,,,0,0,
Flying Post 73,2021A00053556100,,,,,,,,,,,,,,,,,,flying post 73,,,0,0,
New Post 69A,2021A00053556102,,,,,,,,,,,,,,,,,,new post 69a,,,0,0,
Moosonee,2021A00053556106,485,45,0,9.27835051546392,0,3556106,"Moosonee, Town (TV)",5.3,38.2,1512,2.1,2.8,29.8,3.1,57200,62.2,0,moosonee,,,0,0,
Jocelyn,2021A00053557001,165,0,20,12.1212121212121,12.1212121212121,3557001,"Jocelyn, Township (TP)",12,11.4,314,0.3,2.4,62,1.8,40000,0,0,jocelyn,,,0,0,
Hilton,2021A00053557004,145,0,0,0,0,3557004,"Hilton, Township (TP)",9.2,19,382,24.4,3.3,56.8,2.4,42000,7.1,0,hilton,,,0,0,
Hilton Beach,2021A00053557006,,,,,,3557006,"Hilton Beach, Village (VL)",7.1,14.8,198,15.8,78.6,56.8,2,,28.6,0,hilton beach,,,0,0,
St. Joseph,2021A00053557008,575,55,45,17.3913043478261,7.82608695652174,3557008,"St. Joseph, Township (TP)",5.2,5.6,1426,15,11.2,57.2,2.3,36400,12.3,0,st joseph,,,0,0,
Laird,2021A00053557011,450,25,0,5.55555555555556,0,3557011,"Laird, Township (TP)",2.3,3.5,1121,7.1,10.9,50.4,2.4,44400,5.3,0,laird,Sault Ste. Marie CA,Laird TP,0,0,
Tarbutt and Tarbutt Additional,2021A00053557014,245,15,0,6.12244897959184,0,3557014,"Tarbutt and Tarbutt Additional, Township (TP)",7.1,7.7,573,7.3,10.9,49.6,2.4,59200,12.2,0,tarbutt and tarbutt additional,,,0,0,
Johnson,2021A00053557016,220,20,0,9.09090909090909,0,3557016,"Johnson, Township (TP)",6.6,8.7,749,-0.3,6.3,40.4,2.8,32800,0,0,johnson,,,0,0,
Plummer Additional,2021A00053557019,315,30,20,15.8730158730159,6.34920634920635,3557019,"Plummer Additional, Township (TP)",6.7,4.8,757,14.7,3.5,52.4,2.3,38400,9,0,plummer additional,,,0,0,
Bruce Mines,2021A00053557021,270,15,0,5.55555555555556,0,3557021,"Bruce Mines, Town (T)",2.3,1.5,582,0,95.6,58.4,2.1,34400,14.5,0,bruce mines,,,0,0,
Thessalon 12,2021A00053557026,,,,,,,,,,,,,,,,,,thessalon 12,,,0,0,
Thessalon,2021A00053557028,560,65,0,11.6071428571429,0,3557028,"Thessalon, Town (T)",2.7,3.6,1260,-2,287.5,58.8,2.1,28800,28.6,0,thessalon,,,0,0,
Huron Shores,2021A00053557035,805,65,0,8.07453416149068,0,3557035,"Huron Shores, Municipality (MU)",5.6,12.1,1860,11.8,4.1,56.4,2.2,33200,11.4,0,huron shores,,,0,0,
Blind River,2021A00053557038,1600,150,60,13.125,3.75,3557038,"Blind River, Town (T)",5.3,5.1,3422,-1.4,6.7,52.8,2.1,31400,29.4,0.6,blind river,,,0,0,
Spanish,2021A00053557039,275,60,15,27.2727272727273,5.45454545454545,3557039,"Spanish, Town (T)",5.8,18.9,670,-5.9,6.3,56.8,2.1,23600,32.7,0,spanish,,,0,0,
The North Shore,2021A00053557040,275,0,0,0,0,3557040,"The North Shore, Township (TP)",3.6,3.3,531,6.8,2.3,60.4,2.1,38000,7.4,0,the north shore,,,0,0,
Elliot Lake,2021A00053557041,5840,870,290,19.8630136986301,4.96575342465753,3557041,"Elliot Lake, City (CY)",1.9,2.7,11372,5.9,16.3,60.4,1.9,28800,39.2,0,elliot lake,,,0,0,
"Macdonald, Meredith and Aberdeen Additional",2021A00053557051,570,50,0,8.7719298245614,0,3557051,"Macdonald, Meredith and Aberdeen Additional, Township (TP)",4,6.6,1513,-6,9.3,45.6,2.5,44400,8.3,0,macdonald meredith and aberdeen additional,Sault Ste. Marie CA,"Macdonald, Meredith and Aberdeen Additional TP",0,0,
Sault Ste. Marie,2021A00053557061,32515,3635,1585,16.0541288636014,4.87467322774104,3557061,"Sault Ste. Marie, City (CY)",2.6,4.6,72051,-1.8,324.6,47.2,2.2,37600,31.7,0.3,sault ste marie,Sault Ste. Marie CA,Sault Ste. Marie CY,2,6,Exceeded
Prince,2021A00053557066,400,0,0,0,0,3557066,"Prince, Township (TP)",2.3,3,975,-3.5,11.5,51.2,2.5,53200,2.5,0,prince,Sault Ste. Marie CA,Prince TP,0,0,
Sagamok,2021A00053557071,0,0,0,,,,,,,,,,,,,,,sagamok,,,0,0,
Serpent River 7,2021A00053557072,0,0,0,,,,,,,,,,,,,,,serpent river 7,,,0,0,
Mississagi River 8,2021A00053557073,0,0,0,,,,,,,,,,,,,,,mississagi river 8,,,0,0,
Garden River 14,2021A00053557074,0,0,0,,,,,,,,,,,,,,,garden river 14,,,0,0,
Rankin Location 15D,2021A00053557075,,,,,,,,,,,,,,,,,,rankin location 15d,,,0,0,
Wawa,2021A00053557076,1215,75,35,9.05349794238683,2.88065843621399,3557076,"Wawa, Municipality (MU)",3.1,7,2705,-6.9,6.6,47.2,2.2,37200,21.9,0,wawa,,,0,0,
Goulais Bay 15A,2021A00053557077,,,,,,,,,,,,,,,,,,goulais bay 15a,,,0,0,
Gros Cap 49,2021A00053557078,,,,,,,,,,,,,,,,,,gros cap 49,,,0,0,
Dubreuilville,2021A00053557079,245,25,15,16.3265306122449,6.12244897959184,3557079,"Dubreuilville, Township (TP)",6.4,8.5,576,-6,6.6,44.4,2.3,34400,18.4,0,dubreuilville,,,0,0,
White River,2021A00053557091,295,25,0,8.47457627118644,0,3557091,"White River, Township (TP)",6.2,17,557,-13.6,5.8,50,2,45200,20.3,0,white river,,,0,0,
Obadjiwan 15E,2021A00053557092,,,,,,,,,,,,,,,,,,obadjiwan 15e,,,0,0,
"Algoma, Unorganized, South East Part",2021A00053557094,,,,,,3557094,"Algoma, Unorganized, South East Part, Unorganized (NO)",100,0,5,,0.1,,,,,,algoma unorganized south east part,,,0,0,
"Algoma, Unorganized, North Part",2021A00053557095,2750,145,75,8,2.72727272727273,3557095,"Algoma, Unorganized, North Part, Unorganized (NO)",9.6,13.9,6050,5.4,0.1,54.4,2.2,42000,5.1,0.4,algoma unorganized north part,,,0,0,
Hornepayne,2021A00053557096,440,40,25,14.7727272727273,5.68181818181818,3557096,"Hornepayne, Township (TP)",2.5,9.3,968,-1.2,4.8,41.2,2.2,66000,20.5,0,hornepayne,,,0,0,
Neebing,2021A00053558001,910,35,0,3.84615384615385,0,3558001,"Neebing, Municipality (MU)",9.7,13.4,2241,9.1,2.6,48.8,2.4,55600,5.3,0,neebing,Thunder Bay CMA,Neebing MU,0,0,
Fort William 52,2021A00053558003,0,0,0,,,,,,,,,,,,,,,fort william 52,,,0,0,
Thunder Bay,2021A00053558004,48405,5195,2505,15.9074475777296,5.17508521846917,3558004,"Thunder Bay, City (CY)",2.8,5.1,108843,0.9,332.1,44,2.2,41200,32.3,0.4,thunder bay,Thunder Bay CMA,Thunder Bay CY,1,0,Exceeded
Oliver Paipoonge,2021A00053558011,2270,195,50,10.7929515418502,2.20264317180617,3558011,"Oliver Paipoonge, Municipality (MU)",2.2,6.6,6035,1.9,17.2,46,2.6,49200,6.9,0,oliver paipoonge,Thunder Bay CMA,Oliver Paipoonge MU,0,1,
Gillies,2021A00053558012,165,0,0,0,0,3558012,"Gillies, Township (TP)",4.8,4.7,441,-7,4.8,50,2.4,42400,5.7,0,gillies,Thunder Bay CMA,Gillies TP,0,0,
O'Connor,2021A00053558016,275,0,0,0,0,3558016,"O'Connor, Township (TP)",1.5,0,689,3.9,6.3,46,2.5,52000,0,0,o connor,Thunder Bay CMA,O'Connor TP,0,0,
Conmee,2021A00053558019,295,0,0,0,0,3558019,"Conmee, Township (TP)",2.4,12.3,798,-2.6,4.8,40,2.7,47200,10,0,conmee,Thunder Bay CMA,Conmee TP,0,0,
Shuniah,2021A00053558028,1420,75,35,7.74647887323944,2.46478873239437,3558028,"Shuniah, Municipality (MU)",16.8,18.4,3247,16,5.7,55.2,2.3,61600,4.9,0,shuniah,Thunder Bay CMA,Shuniah MU,0,0,
Dorion,2021A00053558034,170,0,0,0,0,3558034,"Dorion, Township (TP)",0.6,0,375,18.7,1.8,56.4,2.3,49600,14.3,0,dorion,,,0,0,
Red Rock,2021A00053558041,415,0,25,6.02409638554217,6.02409638554217,3558041,"Red Rock, Township (TP)",1.7,0,895,0,14.4,47.6,2.2,40000,23.8,0,red rock,,,0,0,
Nipigon,2021A00053558044,665,55,0,8.27067669172932,0,3558044,"Nipigon, Township (TP)",10.3,19.8,1473,-10.3,13.6,51.6,2.2,41600,7.6,0,nipigon,,,0,0,
Schreiber,2021A00053558051,490,40,20,12.2448979591837,4.08163265306122,3558051,"Schreiber, Township (TP)",5.4,8.1,1039,-1.9,29,54.4,2,40400,17.3,0,schreiber,,,0,0,
Terrace Bay,2021A00053558054,710,55,30,11.9718309859155,4.22535211267606,3558054,"Terrace Bay, Township (TP)",2.4,4.5,1528,-5.2,10.1,48.8,2.1,51200,21.7,0,terrace bay,,,0,0,
Marathon,2021A00053558059,1410,65,35,7.09219858156028,2.4822695035461,3558059,"Marathon, Town (T)",4.9,6.5,3138,-4.1,18.8,43.2,2.2,44000,23.3,0.7,marathon,,,0,0,
Pic Mobert North,2021A00053558060,,,,,,,,,,,,,,,,,,pic mobert north,,,0,0,
Pic Mobert South,2021A00053558061,,,,,,,,,,,,,,,,,,pic mobert south,,,0,0,
Pic River 50,2021A00053558062,0,0,0,,,,,,,,,,,,,,,pic river 50,,,0,0,
Pays Plat 51,2021A00053558063,,,,,,,,,,,,,,,,,,pays plat 51,,,0,0,
Lake Helen 53A,2021A00053558064,,,,,,,,,,,,,,,,,,lake helen 53a,,,0,0,
Gull River 55,2021A00053558065,,,,,,,,,,,,,,,,,,gull river 55,,,0,0,
Manitouwadge,2021A00053558066,920,55,20,8.15217391304348,2.17391304347826,3558066,"Manitouwadge, Township (TP)",3.4,7.5,1974,1.9,5.6,49.2,2.1,32800,20.1,0,manitouwadge,,,0,0,
Ginoogaming First Nation,2021A00053558067,,,,,,,,,,,,,,,,,,ginoogaming first nation,,,0,0,
Long Lake 58,2021A00053558068,0,0,0,,,,,,,,,,,,,,,long lake 58,,,0,0,
Rocky Bay 1,2021A00053558069,,,,,,,,,,,,,,,,,,rocky bay 1,,,0,0,
Sand Point First Nation,2021A00053558074,,,,,,,,,,,,,,,,,,sand point first nation,,,0,0,
Greenstone,2021A00053558075,1920,145,65,10.9375,3.38541666666667,3558075,"Greenstone, Municipality (MU)",5.1,10,4309,-7.1,1.6,47.2,2.2,38800,22.7,0.5,greenstone,,,0,0,
Aroland,2021A00053558076,,,,,,3558076,"Aroland, Indian settlement (S-É)",24.6,24.6,178,-51.4,53.3,29.8,3.1,,0,0,aroland,,,0,0,
Lake Nipigon,2021A00053558077,,,,,,,,,,,,,,,,,,lake nipigon,,,0,0,
Ojibway Nation of Saugeen (Savant Lake),2021A00053558080,,,,,,,,,,,,,,,,,,ojibway nation of saugeen savant lake,,,0,0,
Osnaburgh 63A,2021A00053558085,,,,,,,,,,,,,,,,,,osnaburgh 63a,,,0,0,
"Thunder Bay, Unorganized",2021A00053558090,2770,150,115,9.56678700361011,4.15162454873646,3558090,"Thunder Bay, Unorganized, Unorganized (NO)",10.9,10.9,6221,6,0.1,51.6,2.2,45200,9,1.1,thunder bay unorganized,,,0,0,
Red Rock 53,2021A00053558092,,,,,,,,,,,,,,,,,,red rock 53,,,0,0,
Whitesand,2021A00053558097,0,0,0,,,,,,,,,,,,,,,whitesand,,,0,0,
Lac des Mille Lacs 22A1,2021A00053558100,,,,,,,,,,,,,,,,,,lac des mille lacs 22a1,,,0,0,
Atikokan,2021A00053559001,1255,115,30,11.5537848605578,2.39043824701195,3559001,"Atikokan, Town (T)",3.6,6.4,2642,-4,8.4,51.6,2.1,34800,17.5,0.8,atikokan,,,0,0,
Alberton,2021A00053559011,340,10,15,7.35294117647059,4.41176470588235,3559011,"Alberton, Township (TP)",2.4,3.1,954,-1.5,8.2,38,2.8,56400,9.9,0,alberton,,,0,0,
Fort Frances,2021A00053559012,3445,270,120,11.3207547169811,3.4833091436865,3559012,"Fort Frances, Town (T)",3,4.4,7466,-3.5,292.2,46.4,2.1,44000,27,0.3,fort frances,,,0,0,
La Vallee,2021A00053559016,315,0,0,0,0,3559016,"La Vallee, Township (TP)",8.8,13.2,788,-16,3.3,44.8,2.5,46400,7.5,0,la vallee,,,0,0,
Emo,2021A00053559019,470,35,25,12.7659574468085,5.31914893617021,3559019,"Emo, Township (TP)",1.3,2.6,1204,-9.7,6,41.2,2.5,39600,23.4,0,emo,,,0,0,
Chapple,2021A00053559024,245,10,0,4.08163265306122,0,3559024,"Chapple, Township (TP)",4.1,4.7,763,18.7,1.4,40.4,2.9,39200,10.2,0,chapple,,,0,0,
Manitou Rapids 11,2021A00053559026,0,0,0,,,,,,,,,,,,,,,manitou rapids 11,,,0,0,
Morley,2021A00053559031,145,0,0,0,0,3559031,"Morley, Township (TP)",3.8,7.1,493,2.5,1.3,40,2.7,40800,8.6,0,morley,,,0,0,
Dawson,2021A00053559040,170,0,0,0,0,3559040,"Dawson, Township (TP)",8.9,6.4,399,-14.7,1.2,56.4,2.1,38400,7.9,0,dawson,,,0,0,
Rainy River,2021A00053559042,370,40,0,10.8108108108108,0,3559042,"Rainy River, Town (T)",3.8,5.6,752,-6.8,241.4,54,2,37200,26,0,rainy river,,,0,0,
Assabaska,2021A00053559046,,,,,,,,,,,,,,,,,,assabaska,,,0,0,
Lake of the Woods,2021A00053559047,,,,,,3559047,"Lake of the Woods, Township (TP)",19.1,17.4,308,33.9,0.4,59.2,2.2,46000,13.6,0,lake of the woods,,,0,0,
Big Grassy River 35G,2021A00053559051,0,0,0,,,,,,,,,,,,,,,big grassy river 35g,,,0,0,
Big Island Mainland 93,2021A00053559052,,,,,,,,,,,,,,,,,,big island mainland 93,,,0,0,
Saug-A-Gaw-Sing 1,2021A00053559053,,,,,,,,,,,,,,,,,,saug a gaw sing 1,,,0,0,
Neguaguon Lake 25D,2021A00053559060,,,,,,,,,,,,,,,,,,neguaguon lake 25d,,,0,0,
Rainy Lake 18C,2021A00053559061,,,,,,,,,,,,,,,,,,rainy lake 18c,,,0,0,
Agency 1,2021A00053559062,,,,,,,,,,,,,,,,,,agency 1,,,0,0,
Couchiching 16A,2021A00053559063,0,0,0,,,,,,,,,,,,,,,couchiching 16a,,,0,0,
Rainy Lake 26A,2021A00053559064,,,,,,,,,,,,,,,,,,rainy lake 26a,,,0,0,
Seine River 23A,2021A00053559066,0,0,0,,,,,,,,,,,,,,,seine river 23a,,,0,0,
Rainy Lake 17A,2021A00053559068,,,,,,,,,,,,,,,,,,rainy lake 17a,,,0,0,
Rainy Lake 17B,2021A00053559069,,,,,,,,,,,,,,,,,,rainy lake 17b,,,0,0,
Sturgeon Falls 23,2021A00053559089,,,,,,,,,,,,,,,,,,sturgeon falls 23,,,0,0,
"Rainy River, Unorganized",2021A00053559090,540,15,10,4.62962962962963,1.85185185185185,3559090,"Rainy River, Unorganized, Unorganized (NO)",8.7,9.5,1423,3.1,0.1,54.4,2.4,48400,3.6,0,rainy river unorganized,,,0,0,
Ignace,2021A00053560001,550,65,0,11.8181818181818,0,3560001,"Ignace, Township (TP)",6.1,8.7,1206,0.3,16.7,53.6,2.2,36800,20.9,0,ignace,,,0,0,
Whitefish Bay 32A,2021A00053560004,0,0,0,,,,,,,,,,,,,,,whitefish bay 32a,,,0,0,
Whitefish Bay 33A,2021A00053560005,,,,,,,,,,,,,,,,,,whitefish bay 33a,,,0,0,
Sioux Narrows-Nestor Falls,2021A00053560008,250,15,0,6,0,3560008,"Sioux Narrows-Nestor Falls, Township (TP)",25,31,727,28.2,0.6,60,2,46400,7.8,0,sioux narrows nestor falls,,,0,0,
Kenora,2021A00053560010,6505,735,350,16.6794773251345,5.380476556495,3560010,"Kenora, City (CY)",4.8,5.1,14967,-0.9,70.7,44.4,2.2,46000,26.5,0.8,kenora,,,0,0,
Machin,2021A00053560021,450,15,0,3.33333333333333,0,3560021,"Machin, Municipality (MU)",5,5.9,1012,4.2,3.5,53.6,2.2,39200,15.2,0,machin,,,0,0,
Eagle Lake 27,2021A00053560024,0,0,0,,,,,,,,,,,,,,,eagle lake 27,,,0,0,
Dryden,2021A00053560027,3315,240,105,10.4072398190045,3.16742081447964,3560027,"Dryden, City (CY)",1.7,3.2,7388,-4.7,112.7,48,2.2,42000,26.9,0.3,dryden,,,0,0,
Ear Falls,2021A00053560032,470,40,35,15.9574468085106,7.4468085106383,3560032,"Ear Falls, Township (TP)",2.7,3.1,924,-7.1,2.7,43.6,2.2,46400,23.4,0,ear falls,,,0,0,
Sioux Lookout,2021A00053560034,2340,250,70,13.6752136752137,2.99145299145299,3560034,"Sioux Lookout, Municipality (MU)",11.4,14.9,5839,10.8,15.4,38,2.5,54000,33.3,0.9,sioux lookout,,,0,0,
Red Lake,2021A00053560042,1700,150,60,12.3529411764706,3.52941176470588,3560042,"Red Lake, Municipality (MU)",3.6,4.2,4094,-0.3,6.8,38.4,2.4,53600,24.6,0.6,red lake,,,0,0,
Slate Falls,2021A00053560046,0,0,0,,,,,,,,,,,,,,,slate falls,,,0,0,
Pickle Lake,2021A00053560049,170,0,0,0,0,3560049,"Pickle Lake, Township (TP)",5.8,5.4,398,2.6,1.6,31.2,2.6,47600,63.6,0,pickle lake,,,0,0,
Fort Albany (Part) 67,2021A00053560050,,,,,,,,,,,,,,,,,,fort albany part 67,,,0,0,
Attawapiskat 91A,2021A00053560051,0,0,0,,,,,,,,,,,,,,,attawapiskat 91a,,,0,0,
Marten Falls 65,2021A00053560052,,,,,,,,,,,,,,,,,,marten falls 65,,,0,0,
Fort Hope 64,2021A00053560053,0,0,0,,,,,,,,,,,,,,,fort hope 64,,,0,0,
Cat Lake 63C,2021A00053560054,0,0,0,,,,,,,,,,,,,,,cat lake 63c,,,0,0,
Osnaburgh 63B,2021A00053560055,0,0,0,,,,,,,,,,,,,,,osnaburgh 63b,,,0,0,
Lac Seul 28,2021A00053560056,0,0,0,,,,,,,,,,,,,,,lac seul 28,,,0,0,
Wabigoon Lake 27,2021A00053560057,,,,,,,,,,,,,,,,,,wabigoon lake 27,,,0,0,
English River 21,2021A00053560058,0,0,0,,,,,,,,,,,,,,,english river 21,,,0,0,
Weagamow Lake 87,2021A00053560059,0,0,0,,,,,,,,,,,,,,,weagamow lake 87,,,0,0,
Northwest Angle 33B,2021A00053560060,,,,,,,,,,,,,,,,,,northwest angle 33b,,,0,0,
Wabaseemoong,2021A00053560061,0,0,0,,,,,,,,,,,,,,,wabaseemoong,,,0,0,
Sabaskong Bay 35D,2021A00053560063,0,0,0,,,,,,,,,,,,,,,sabaskong bay 35d,,,0,0,
Shoal Lake 34B2,2021A00053560064,,,,,,,,,,,,,,,,,,shoal lake 34b2,,,0,0,
Lake of the Woods 37,2021A00053560065,,,,,,,,,,,,,,,,,,lake of the woods 37,,,0,0,
Kenora 38B,2021A00053560066,0,0,0,,,,,,,,,,,,,,,kenora 38b,,,0,0,
Poplar Hill,2021A00053560067,0,0,0,,,,,,,,,,,,,,,poplar hill,,,0,0,
Shoal Lake 39A,2021A00053560068,0,0,0,,,,,,,,,,,,,,,shoal lake 39a,,,0,0,
Rat Portage 38A,2021A00053560069,,,,,,,,,,,,,,,,,,rat portage 38a,,,0,0,
Deer Lake,2021A00053560070,0,0,0,,,,,,,,,,,,,,,deer lake,,,0,0,
Sandy Lake 88,2021A00053560071,0,0,0,,,,,,,,,,,,,,,sandy lake 88,,,0,0,
Kitchenuhmaykoosib Aaki 84,2021A00053560075,0,0,0,,,,,,,,,,,,,,,kitchenuhmaykoosib aaki 84,,,0,0,
Sachigo Lake 1,2021A00053560076,0,0,0,,,,,,,,,,,,,,,sachigo lake 1,,,0,0,
Pikangikum 14,2021A00053560077,,,,,,,,,,,,,,,,,,pikangikum 14,,,0,0,
Fort Severn 89,2021A00053560078,0,0,0,,,,,,,,,,,,,,,fort severn 89,,,0,0,
Webequie,2021A00053560079,0,0,0,,,,,,,,,,,,,,,webequie,,,0,0,
North Spirit Lake,2021A00053560080,0,0,0,,,,,,,,,,,,,,,north spirit lake,,,0,0,
Lansdowne House,2021A00053560081,,,,,,3560081,"Lansdowne House, Indian settlement (S-É)",0,0,0,,0,,,,,,lansdowne house,,,0,0,
Shoal Lake (Part) 40,2021A00053560082,,,,,,,,,,,,,,,,,,shoal lake part 40,,,0,0,
Whitefish Bay 34A,2021A00053560083,,,,,,,,,,,,,,,,,,whitefish bay 34a,,,0,0,
Wabauskang 21,2021A00053560084,,,,,,,,,,,,,,,,,,wabauskang 21,,,0,0,
Wunnumin 1,2021A00053560085,0,0,0,,,,,,,,,,,,,,,wunnumin 1,,,0,0,
Summer Beaver,2021A00053560086,0,0,0,,,3560086,"Summer Beaver, Indian settlement (S-É)",32.2,32.2,355,-7.1,23.1,25,4.1,,0,29.4,summer beaver,,,0,0,
Wapekeka 2,2021A00053560088,0,0,0,,,,,,,,,,,,,,,wapekeka 2,,,0,0,
The Dalles 38C,2021A00053560089,,,,,,,,,,,,,,,,,,the dalles 38c,,,0,0,
"Kenora, Unorganized",2021A00053560090,3240,180,95,8.48765432098766,2.9320987654321,3560090,"Kenora, Unorganized, Unorganized (NO)",19.5,21.9,7475,11.7,0,54.8,2.3,46800,13.3,0.6,kenora unorganized,,,0,0,
Peawanuck,2021A00053560091,,,,,,3560091,"Peawanuck, Indian settlement (S-É)",86.7,87.8,247,26.7,76.7,31,2.7,,33.3,16.7,peawanuck,,,0,0,
Neskantaga,2021A00053560093,,,,,,,,,,,,,,,,,,neskantaga,,,0,0,
Bearskin Lake,2021A00053560095,0,0,0,,,,,,,,,,,,,,,bearskin lake,,,0,0,
Kasabonika Lake,2021A00053560096,0,0,0,,,,,,,,,,,,,,,kasabonika lake,,,0,0,
Muskrat Dam Lake,2021A00053560097,,,,,,,,,,,,,,,,,,muskrat dam lake,,,0,0,
Kingfisher Lake 1,2021A00053560098,0,0,0,,,,,,,,,,,,,,,kingfisher lake 1,,,0,0,
Wawakapewin,2021A00053560100,,,,,,,,,,,,,,,,,,wawakapewin,,,0,0,
Kee-Way-Win,2021A00053560104,0,0,0,,,,,,,,,,,,,,,kee way win,,,0,0,
